,mean_fit_time,std_fit_time,mean_score_time,std_score_time,param_max_leaf_nodes,param_n_estimators,params,split0_test_score,mean_test_score,std_test_score,rank_test_score
0,2.3552732467651367,0.0,0.0,0.0,1,50,"{'max_leaf_nodes': 1, 'n_estimators': 50}",,,,450
1,2.280207633972168,0.0,0.0,0.0,1,60,"{'max_leaf_nodes': 1, 'n_estimators': 60}",,,,423
2,2.2955026626586914,0.0,0.0,0.0,1,70,"{'max_leaf_nodes': 1, 'n_estimators': 70}",,,,418
3,2.396012306213379,0.0,0.0,0.0,1,80,"{'max_leaf_nodes': 1, 'n_estimators': 80}",,,,417
4,2.180692434310913,0.0,0.0,0.0,1,90,"{'max_leaf_nodes': 1, 'n_estimators': 90}",,,,415
5,2.108635425567627,0.0,0.0,0.0,1,100,"{'max_leaf_nodes': 1, 'n_estimators': 100}",,,,429
6,2.229341745376587,0.0,0.0,0.0,1,110,"{'max_leaf_nodes': 1, 'n_estimators': 110}",,,,447
7,2.2469749450683594,0.0,0.0,0.0,1,120,"{'max_leaf_nodes': 1, 'n_estimators': 120}",,,,443
8,2.419145345687866,0.0,0.0,0.0,1,130,"{'max_leaf_nodes': 1, 'n_estimators': 130}",,,,442
9,2.3050696849823,0.0,0.0,0.0,1,140,"{'max_leaf_nodes': 1, 'n_estimators': 140}",,,,441
10,2.2484562397003174,0.0,0.0,0.0,1,150,"{'max_leaf_nodes': 1, 'n_estimators': 150}",,,,438
11,2.361736297607422,0.0,0.0,0.0,1,160,"{'max_leaf_nodes': 1, 'n_estimators': 160}",,,,433
12,2.2547221183776855,0.0,0.0,0.0,1,170,"{'max_leaf_nodes': 1, 'n_estimators': 170}",,,,431
13,2.3257155418395996,0.0,0.0,0.0,1,180,"{'max_leaf_nodes': 1, 'n_estimators': 180}",,,,430
14,2.2405731678009033,0.0,0.0,0.0,1,190,"{'max_leaf_nodes': 1, 'n_estimators': 190}",,,,406
15,2.294605016708374,0.0,0.0,0.0,1,200,"{'max_leaf_nodes': 1, 'n_estimators': 200}",,,,427
16,2.356658935546875,0.0,0.0,0.0,1,210,"{'max_leaf_nodes': 1, 'n_estimators': 210}",,,,432
17,2.5182788372039795,0.0,0.0,0.0,1,220,"{'max_leaf_nodes': 1, 'n_estimators': 220}",,,,434
18,2.2988100051879883,0.0,0.0,0.0,1,230,"{'max_leaf_nodes': 1, 'n_estimators': 230}",,,,435
19,2.3029592037200928,0.0,0.0,0.0,1,240,"{'max_leaf_nodes': 1, 'n_estimators': 240}",,,,436
20,2.345228672027588,0.0,0.0,0.0,1,250,"{'max_leaf_nodes': 1, 'n_estimators': 250}",,,,437
21,2.6525909900665283,0.0,0.0,0.0,1,260,"{'max_leaf_nodes': 1, 'n_estimators': 260}",,,,439
22,2.470088481903076,0.0,0.0,0.0,1,270,"{'max_leaf_nodes': 1, 'n_estimators': 270}",,,,440
23,2.3341147899627686,0.0,0.0,0.0,1,280,"{'max_leaf_nodes': 1, 'n_estimators': 280}",,,,444
24,2.348663091659546,0.0,0.0,0.0,1,290,"{'max_leaf_nodes': 1, 'n_estimators': 290}",,,,445
25,2.360849380493164,0.0,0.0,0.0,1,300,"{'max_leaf_nodes': 1, 'n_estimators': 300}",,,,446
26,2.2755985260009766,0.0,0.0,0.0,1,310,"{'max_leaf_nodes': 1, 'n_estimators': 310}",,,,448
27,2.4676427841186523,0.0,0.0,0.0,1,320,"{'max_leaf_nodes': 1, 'n_estimators': 320}",,,,449
28,2.3082432746887207,0.0,0.0,0.0,1,330,"{'max_leaf_nodes': 1, 'n_estimators': 330}",,,,428
29,2.3058884143829346,0.0,0.0,0.0,1,340,"{'max_leaf_nodes': 1, 'n_estimators': 340}",,,,426
30,2.295231819152832,0.0,0.0,0.0,1,350,"{'max_leaf_nodes': 1, 'n_estimators': 350}",,,,407
31,2.465989589691162,0.0,0.0,0.0,1,360,"{'max_leaf_nodes': 1, 'n_estimators': 360}",,,,408
32,2.2496395111083984,0.0,0.0,0.0,1,370,"{'max_leaf_nodes': 1, 'n_estimators': 370}",,,,409
33,2.3507699966430664,0.0,0.0,0.0,1,380,"{'max_leaf_nodes': 1, 'n_estimators': 380}",,,,410
34,2.3125572204589844,0.0,0.0,0.0,1,390,"{'max_leaf_nodes': 1, 'n_estimators': 390}",,,,411
35,2.3690779209136963,0.0,0.0,0.0,1,400,"{'max_leaf_nodes': 1, 'n_estimators': 400}",,,,412
36,2.444033145904541,0.0,0.0,0.0,1,410,"{'max_leaf_nodes': 1, 'n_estimators': 410}",,,,413
37,2.34769868850708,0.0,0.0,0.0,1,420,"{'max_leaf_nodes': 1, 'n_estimators': 420}",,,,414
38,2.3574085235595703,0.0,0.0,0.0,1,430,"{'max_leaf_nodes': 1, 'n_estimators': 430}",,,,416
39,2.2951064109802246,0.0,0.0,0.0,1,440,"{'max_leaf_nodes': 1, 'n_estimators': 440}",,,,419
40,2.4949333667755127,0.0,0.0,0.0,1,450,"{'max_leaf_nodes': 1, 'n_estimators': 450}",,,,420
41,2.3992435932159424,0.0,0.0,0.0,1,460,"{'max_leaf_nodes': 1, 'n_estimators': 460}",,,,421
42,2.389782190322876,0.0,0.0,0.0,1,470,"{'max_leaf_nodes': 1, 'n_estimators': 470}",,,,422
43,2.3893043994903564,0.0,0.0,0.0,1,480,"{'max_leaf_nodes': 1, 'n_estimators': 480}",,,,424
44,2.4717180728912354,0.0,0.0,0.0,1,490,"{'max_leaf_nodes': 1, 'n_estimators': 490}",,,,425
45,2.9654929637908936,0.0,0.04058027267456055,0.0,6,50,"{'max_leaf_nodes': 6, 'n_estimators': 50}",0.21834986329181572,0.21834986329181572,0.0,3
46,1.477707862854004,0.0,0.04132270812988281,0.0,6,60,"{'max_leaf_nodes': 6, 'n_estimators': 60}",0.21791143501759458,0.21791143501759458,0.0,17
47,1.6697819232940674,0.0,0.042120933532714844,0.0,6,70,"{'max_leaf_nodes': 6, 'n_estimators': 70}",0.21830034429161582,0.21830034429161582,0.0,4
48,1.8166685104370117,0.0,0.045929670333862305,0.0,6,80,"{'max_leaf_nodes': 6, 'n_estimators': 80}",0.2171891102817114,0.2171891102817114,0.0,38
49,1.985384225845337,0.0,0.04810023307800293,0.0,6,90,"{'max_leaf_nodes': 6, 'n_estimators': 90}",0.21759460548706167,0.21759460548706167,0.0,22
50,2.0711355209350586,0.0,0.05100607872009277,0.0,6,100,"{'max_leaf_nodes': 6, 'n_estimators': 100}",0.21756400978232526,0.21756400978232526,0.0,27
51,2.3820366859436035,0.0,0.05308938026428223,0.0,6,110,"{'max_leaf_nodes': 6, 'n_estimators': 110}",0.21798826018998363,0.21798826018998363,0.0,15
52,2.5056376457214355,0.0,0.055771589279174805,0.0,6,120,"{'max_leaf_nodes': 6, 'n_estimators': 120}",0.21688283915832363,0.21688283915832363,0.0,42
53,2.7437784671783447,0.0,0.05917072296142578,0.0,6,130,"{'max_leaf_nodes': 6, 'n_estimators': 130}",0.2179516186679854,0.2179516186679854,0.0,16
54,2.915163040161133,0.0,0.06444525718688965,0.0,6,140,"{'max_leaf_nodes': 6, 'n_estimators': 140}",0.21799329725712158,0.21799329725712158,0.0,14
55,3.044396162033081,0.0,0.06363654136657715,0.0,6,150,"{'max_leaf_nodes': 6, 'n_estimators': 150}",0.21816071178058305,0.21816071178058305,0.0,10
56,3.2045106887817383,0.0,0.0659630298614502,0.0,6,160,"{'max_leaf_nodes': 6, 'n_estimators': 160}",0.2182933783911386,0.2182933783911386,0.0,5
57,3.4429121017456055,0.0,0.07037067413330078,0.0,6,170,"{'max_leaf_nodes': 6, 'n_estimators': 170}",0.21669700404948378,0.21669700404948378,0.0,43
58,3.4067678451538086,0.0,0.07287454605102539,0.0,6,180,"{'max_leaf_nodes': 6, 'n_estimators': 180}",0.21753199998276673,0.21753199998276673,0.0,29
59,3.6802608966827393,0.0,0.06964588165283203,0.0,6,190,"{'max_leaf_nodes': 6, 'n_estimators': 190}",0.21785974899848648,0.21785974899848648,0.0,19
60,3.9703965187072754,0.0,0.0771782398223877,0.0,6,200,"{'max_leaf_nodes': 6, 'n_estimators': 200}",0.21841125666482486,0.21841125666482486,0.0,1
61,4.131423711776733,0.0,0.08134746551513672,0.0,6,210,"{'max_leaf_nodes': 6, 'n_estimators': 210}",0.21821922633846602,0.21821922633846602,0.0,7
62,4.199449300765991,0.0,0.07439756393432617,0.0,6,220,"{'max_leaf_nodes': 6, 'n_estimators': 220}",0.21789276574955396,0.21789276574955396,0.0,18
63,4.450623273849487,0.0,0.08434605598449707,0.0,6,230,"{'max_leaf_nodes': 6, 'n_estimators': 230}",0.21734770198733477,0.21734770198733477,0.0,36
64,4.640456676483154,0.0,0.08702683448791504,0.0,6,240,"{'max_leaf_nodes': 6, 'n_estimators': 240}",0.21817152313745736,0.21817152313745736,0.0,9
65,4.719583988189697,0.0,0.082794189453125,0.0,6,250,"{'max_leaf_nodes': 6, 'n_estimators': 250}",0.2172292958470442,0.2172292958470442,0.0,37
66,4.978899002075195,0.0,0.0907599925994873,0.0,6,260,"{'max_leaf_nodes': 6, 'n_estimators': 260}",0.21768728994772002,0.21768728994772002,0.0,20
67,5.157793998718262,0.0,0.09237003326416016,0.0,6,270,"{'max_leaf_nodes': 6, 'n_estimators': 270}",0.2182878451928023,0.2182878451928023,0.0,6
68,5.335452318191528,0.0,0.09668970108032227,0.0,6,280,"{'max_leaf_nodes': 6, 'n_estimators': 280}",0.2174142987870914,0.2174142987870914,0.0,32
69,5.558684825897217,0.0,0.10272526741027832,0.0,6,290,"{'max_leaf_nodes': 6, 'n_estimators': 290}",0.21820101164538797,0.21820101164538797,0.0,8
70,5.369905471801758,0.0,0.10164022445678711,0.0,6,300,"{'max_leaf_nodes': 6, 'n_estimators': 300}",0.2173491540215987,0.2173491540215987,0.0,35
71,5.445924997329712,0.0,0.10299110412597656,0.0,6,310,"{'max_leaf_nodes': 6, 'n_estimators': 310}",0.21756983446025202,0.21756983446025202,0.0,25
72,5.942955017089844,0.0,0.09148073196411133,0.0,6,320,"{'max_leaf_nodes': 6, 'n_estimators': 320}",0.2176849117702132,0.2176849117702132,0.0,21
73,5.793521881103516,0.0,0.10808396339416504,0.0,6,330,"{'max_leaf_nodes': 6, 'n_estimators': 330}",0.21701763692102627,0.21701763692102627,0.0,40
74,6.38367486000061,0.0,0.11125802993774414,0.0,6,340,"{'max_leaf_nodes': 6, 'n_estimators': 340}",0.21840065169189304,0.21840065169189304,0.0,2
75,6.588895559310913,0.0,0.11316823959350586,0.0,6,350,"{'max_leaf_nodes': 6, 'n_estimators': 350}",0.21636563716034563,0.21636563716034563,0.0,45
76,6.706778526306152,0.0,0.11824870109558105,0.0,6,360,"{'max_leaf_nodes': 6, 'n_estimators': 360}",0.21803827983382473,0.21803827983382473,0.0,11
77,6.920562744140625,0.0,0.11618471145629883,0.0,6,370,"{'max_leaf_nodes': 6, 'n_estimators': 370}",0.2175685426324654,0.2175685426324654,0.0,26
78,7.070754051208496,0.0,0.11964941024780273,0.0,6,380,"{'max_leaf_nodes': 6, 'n_estimators': 380}",0.21754043621085073,0.21754043621085073,0.0,28
79,7.135211706161499,0.0,0.09475088119506836,0.0,6,390,"{'max_leaf_nodes': 6, 'n_estimators': 390}",0.21758898181320352,0.21758898181320352,0.0,23
80,6.917738914489746,0.0,0.12163186073303223,0.0,6,400,"{'max_leaf_nodes': 6, 'n_estimators': 400}",0.21736078006700232,0.21736078006700232,0.0,33
81,7.6402716636657715,0.0,0.1253373622894287,0.0,6,410,"{'max_leaf_nodes': 6, 'n_estimators': 410}",0.21735757547141543,0.21735757547141543,0.0,34
82,7.812605142593384,0.0,0.12848305702209473,0.0,6,420,"{'max_leaf_nodes': 6, 'n_estimators': 420}",0.21802325131870026,0.21802325131870026,0.0,12
83,7.975554466247559,0.0,0.13109374046325684,0.0,6,430,"{'max_leaf_nodes': 6, 'n_estimators': 430}",0.21694295564595378,0.21694295564595378,0.0,41
84,8.06915545463562,0.0,0.13049697875976562,0.0,6,440,"{'max_leaf_nodes': 6, 'n_estimators': 440}",0.2175844840750376,0.2175844840750376,0.0,24
85,8.278112888336182,0.0,0.13677120208740234,0.0,6,450,"{'max_leaf_nodes': 6, 'n_estimators': 450}",0.21664598010067937,0.21664598010067937,0.0,44
86,8.552962064743042,0.0,0.1369175910949707,0.0,6,460,"{'max_leaf_nodes': 6, 'n_estimators': 460}",0.2174684065760546,0.2174684065760546,0.0,30
87,8.70093297958374,0.0,0.1992359161376953,0.0,6,470,"{'max_leaf_nodes': 6, 'n_estimators': 470}",0.21799393006241008,0.21799393006241008,0.0,13
88,8.87042760848999,0.0,0.14405393600463867,0.0,6,480,"{'max_leaf_nodes': 6, 'n_estimators': 480}",0.21707456845727746,0.21707456845727746,0.0,39
89,8.328237295150757,0.0,0.13292932510375977,0.0,6,490,"{'max_leaf_nodes': 6, 'n_estimators': 490}",0.21746254050547442,0.21746254050547442,0.0,31
90,1.566784143447876,0.0,0.038366079330444336,0.0,11,50,"{'max_leaf_nodes': 11, 'n_estimators': 50}",0.18635354293746142,0.18635354293746142,0.0,123
91,1.8390226364135742,0.0,0.03952956199645996,0.0,11,60,"{'max_leaf_nodes': 11, 'n_estimators': 60}",0.1861994595936417,0.1861994595936417,0.0,131
92,2.0059568881988525,0.0,0.04052472114562988,0.0,11,70,"{'max_leaf_nodes': 11, 'n_estimators': 70}",0.18490173355497086,0.18490173355497086,0.0,178
93,2.1865665912628174,0.0,0.04301285743713379,0.0,11,80,"{'max_leaf_nodes': 11, 'n_estimators': 80}",0.18526176385236304,0.18526176385236304,0.0,170
94,2.5059661865234375,0.0,0.04773712158203125,0.0,11,90,"{'max_leaf_nodes': 11, 'n_estimators': 90}",0.1848231628888236,0.1848231628888236,0.0,179
95,2.6962056159973145,0.0,0.05078935623168945,0.0,11,100,"{'max_leaf_nodes': 11, 'n_estimators': 100}",0.18540037096644457,0.18540037096644457,0.0,160
96,2.9009804725646973,0.0,0.04790997505187988,0.0,11,110,"{'max_leaf_nodes': 11, 'n_estimators': 110}",0.18510284098550855,0.18510284098550855,0.0,175
97,3.0648560523986816,0.0,0.0544126033782959,0.0,11,120,"{'max_leaf_nodes': 11, 'n_estimators': 120}",0.18517218994818208,0.18517218994818208,0.0,174
98,3.4066898822784424,0.0,0.05951523780822754,0.0,11,130,"{'max_leaf_nodes': 11, 'n_estimators': 130}",0.18641567698189265,0.18641567698189265,0.0,122
99,3.5840203762054443,0.0,0.05940055847167969,0.0,11,140,"{'max_leaf_nodes': 11, 'n_estimators': 140}",0.18530817730979932,0.18530817730979932,0.0,168
100,3.7174129486083984,0.0,0.06350255012512207,0.0,11,150,"{'max_leaf_nodes': 11, 'n_estimators': 150}",0.18544528746420652,0.18544528746420652,0.0,157
101,4.011853218078613,0.0,0.06721615791320801,0.0,11,160,"{'max_leaf_nodes': 11, 'n_estimators': 160}",0.18496894887623516,0.18496894887623516,0.0,177
102,4.309582710266113,0.0,0.07026910781860352,0.0,11,170,"{'max_leaf_nodes': 11, 'n_estimators': 170}",0.18562815694356727,0.18562815694356727,0.0,150
103,4.492619037628174,0.0,0.07198405265808105,0.0,11,180,"{'max_leaf_nodes': 11, 'n_estimators': 180}",0.18656593638089392,0.18656593638089392,0.0,114
104,4.684462547302246,0.0,0.07532095909118652,0.0,11,190,"{'max_leaf_nodes': 11, 'n_estimators': 190}",0.18506000524131327,0.18506000524131327,0.0,176
105,4.835028171539307,0.0,0.07567286491394043,0.0,11,200,"{'max_leaf_nodes': 11, 'n_estimators': 200}",0.18537315519255815,0.18537315519255815,0.0,163
106,5.154434442520142,0.0,0.08061957359313965,0.0,11,210,"{'max_leaf_nodes': 11, 'n_estimators': 210}",0.18518500458498421,0.18518500458498421,0.0,173
107,5.34604549407959,0.0,0.08354473114013672,0.0,11,220,"{'max_leaf_nodes': 11, 'n_estimators': 220}",0.18519225863890476,0.18519225863890476,0.0,172
108,5.587410926818848,0.0,0.0837705135345459,0.0,11,230,"{'max_leaf_nodes': 11, 'n_estimators': 230}",0.18519885805662883,0.18519885805662883,0.0,171
109,5.7852137088775635,0.0,0.08565688133239746,0.0,11,240,"{'max_leaf_nodes': 11, 'n_estimators': 240}",0.18570447420329028,0.18570447420329028,0.0,143
110,5.95715856552124,0.0,0.08928132057189941,0.0,11,250,"{'max_leaf_nodes': 11, 'n_estimators': 250}",0.18608259067580812,0.18608259067580812,0.0,133
111,6.120763540267944,0.0,0.08400774002075195,0.0,11,260,"{'max_leaf_nodes': 11, 'n_estimators': 260}",0.18531851911232944,0.18531851911232944,0.0,167
112,6.426618814468384,0.0,0.09381866455078125,0.0,11,270,"{'max_leaf_nodes': 11, 'n_estimators': 270}",0.18538684308609943,0.18538684308609943,0.0,161
113,6.676708459854126,0.0,0.09375739097595215,0.0,11,280,"{'max_leaf_nodes': 11, 'n_estimators': 280}",0.1855876869472356,0.1855876869472356,0.0,152
114,6.956705570220947,0.0,0.09699583053588867,0.0,11,290,"{'max_leaf_nodes': 11, 'n_estimators': 290}",0.18566007240050753,0.18566007240050753,0.0,147
115,7.096612453460693,0.0,0.10159492492675781,0.0,11,300,"{'max_leaf_nodes': 11, 'n_estimators': 300}",0.18570399273970606,0.18570399273970606,0.0,144
116,7.343293190002441,0.0,0.10344433784484863,0.0,11,310,"{'max_leaf_nodes': 11, 'n_estimators': 310}",0.1856043382020317,0.1856043382020317,0.0,151
117,7.592318296432495,0.0,0.10654926300048828,0.0,11,320,"{'max_leaf_nodes': 11, 'n_estimators': 320}",0.18534504079057035,0.18534504079057035,0.0,165
118,7.811670541763306,0.0,0.10873651504516602,0.0,11,330,"{'max_leaf_nodes': 11, 'n_estimators': 330}",0.1853784424473155,0.1853784424473155,0.0,162
119,8.01123332977295,0.0,0.11241340637207031,0.0,11,340,"{'max_leaf_nodes': 11, 'n_estimators': 340}",0.18588340649890867,0.18588340649890867,0.0,140
120,8.238053798675537,0.0,0.11386322975158691,0.0,11,350,"{'max_leaf_nodes': 11, 'n_estimators': 350}",0.18530582371296211,0.18530582371296211,0.0,169
121,8.459853410720825,0.0,0.1138770580291748,0.0,11,360,"{'max_leaf_nodes': 11, 'n_estimators': 360}",0.18534436634130502,0.18534436634130502,0.0,166
122,8.733335733413696,0.0,0.11612820625305176,0.0,11,370,"{'max_leaf_nodes': 11, 'n_estimators': 370}",0.1854902845077554,0.1854902845077554,0.0,154
123,8.915936946868896,0.0,0.11763358116149902,0.0,11,380,"{'max_leaf_nodes': 11, 'n_estimators': 380}",0.18565479982709598,0.18565479982709598,0.0,148
124,9.128873586654663,0.0,0.12225914001464844,0.0,11,390,"{'max_leaf_nodes': 11, 'n_estimators': 390}",0.18541757056317942,0.18541757056317942,0.0,158
125,9.297547101974487,0.0,0.12352156639099121,0.0,11,400,"{'max_leaf_nodes': 11, 'n_estimators': 400}",0.1856940710299183,0.1856940710299183,0.0,145
126,9.578189134597778,0.0,0.12916827201843262,0.0,11,410,"{'max_leaf_nodes': 11, 'n_estimators': 410}",0.18546717001669222,0.18546717001669222,0.0,156
127,9.782034873962402,0.0,0.12614703178405762,0.0,11,420,"{'max_leaf_nodes': 11, 'n_estimators': 420}",0.18541417918497816,0.18541417918497816,0.0,159
128,10.052432775497437,0.0,0.1287086009979248,0.0,11,430,"{'max_leaf_nodes': 11, 'n_estimators': 430}",0.18590049572363143,0.18590049572363143,0.0,138
129,10.267972946166992,0.0,0.13178086280822754,0.0,11,440,"{'max_leaf_nodes': 11, 'n_estimators': 440}",0.18555349544398758,0.18555349544398758,0.0,153
130,10.462709188461304,0.0,0.13267159461975098,0.0,11,450,"{'max_leaf_nodes': 11, 'n_estimators': 450}",0.18534874899197162,0.18534874899197162,0.0,164
131,10.678776502609253,0.0,0.13421106338500977,0.0,11,460,"{'max_leaf_nodes': 11, 'n_estimators': 460}",0.18587743860915007,0.18587743860915007,0.0,141
132,10.88109827041626,0.0,0.13740992546081543,0.0,11,470,"{'max_leaf_nodes': 11, 'n_estimators': 470}",0.18589083845128018,0.18589083845128018,0.0,139
133,11.159771919250488,0.0,0.1400618553161621,0.0,11,480,"{'max_leaf_nodes': 11, 'n_estimators': 480}",0.18605444851419362,0.18605444851419362,0.0,134
134,11.378313779830933,0.0,0.1426551342010498,0.0,11,490,"{'max_leaf_nodes': 11, 'n_estimators': 490}",0.1856497977297653,0.1856497977297653,0.0,149
135,1.7752699851989746,0.0,0.036112308502197266,0.0,16,50,"{'max_leaf_nodes': 16, 'n_estimators': 50}",0.18868904330654812,0.18868904330654812,0.0,84
136,2.059112071990967,0.0,0.0395200252532959,0.0,16,60,"{'max_leaf_nodes': 16, 'n_estimators': 60}",0.18745049736859098,0.18745049736859098,0.0,92
137,2.282874345779419,0.0,0.041846275329589844,0.0,16,70,"{'max_leaf_nodes': 16, 'n_estimators': 70}",0.1869218866045711,0.1869218866045711,0.0,98
138,2.504669427871704,0.0,0.04258108139038086,0.0,16,80,"{'max_leaf_nodes': 16, 'n_estimators': 80}",0.18853137446634183,0.18853137446634183,0.0,86
139,2.84063458442688,0.0,0.047834157943725586,0.0,16,90,"{'max_leaf_nodes': 16, 'n_estimators': 90}",0.18709943136150353,0.18709943136150353,0.0,95
140,3.0567548274993896,0.0,0.05121803283691406,0.0,16,100,"{'max_leaf_nodes': 16, 'n_estimators': 100}",0.18566593310828094,0.18566593310828094,0.0,146
141,3.3212618827819824,0.0,0.054529666900634766,0.0,16,110,"{'max_leaf_nodes': 16, 'n_estimators': 110}",0.187104993568745,0.187104993568745,0.0,94
142,3.5779364109039307,0.0,0.05749154090881348,0.0,16,120,"{'max_leaf_nodes': 16, 'n_estimators': 120}",0.18683265629408796,0.18683265629408796,0.0,104
143,3.8919267654418945,0.0,0.05897188186645508,0.0,16,130,"{'max_leaf_nodes': 16, 'n_estimators': 130}",0.1854881444243297,0.1854881444243297,0.0,155
144,4.138378143310547,0.0,0.05978727340698242,0.0,16,140,"{'max_leaf_nodes': 16, 'n_estimators': 140}",0.18629528291638087,0.18629528291638087,0.0,125
145,4.3641297817230225,0.0,0.06519675254821777,0.0,16,150,"{'max_leaf_nodes': 16, 'n_estimators': 150}",0.18664230641264268,0.18664230641264268,0.0,111
146,4.5305399894714355,0.0,0.06432557106018066,0.0,16,160,"{'max_leaf_nodes': 16, 'n_estimators': 160}",0.18753258491321023,0.18753258491321023,0.0,90
147,4.974975347518921,0.0,0.06888985633850098,0.0,16,170,"{'max_leaf_nodes': 16, 'n_estimators': 170}",0.18661649462515717,0.18661649462515717,0.0,112
148,5.1783363819122314,0.0,0.0706930160522461,0.0,16,180,"{'max_leaf_nodes': 16, 'n_estimators': 180}",0.18631333581237342,0.18631333581237342,0.0,124
149,5.4468834400177,0.0,0.0743868350982666,0.0,16,190,"{'max_leaf_nodes': 16, 'n_estimators': 190}",0.18697200290130567,0.18697200290130567,0.0,97
150,5.67108941078186,0.0,0.0792989730834961,0.0,16,200,"{'max_leaf_nodes': 16, 'n_estimators': 200}",0.1860063723793426,0.1860063723793426,0.0,135
151,5.970618486404419,0.0,0.07967877388000488,0.0,16,210,"{'max_leaf_nodes': 16, 'n_estimators': 210}",0.18623027465203368,0.18623027465203368,0.0,130
152,6.235624313354492,0.0,0.08384346961975098,0.0,16,220,"{'max_leaf_nodes': 16, 'n_estimators': 220}",0.18626599645860176,0.18626599645860176,0.0,126
153,6.4293529987335205,0.0,0.08437466621398926,0.0,16,230,"{'max_leaf_nodes': 16, 'n_estimators': 230}",0.18719270839195068,0.18719270839195068,0.0,93
154,6.728421688079834,0.0,0.08679819107055664,0.0,16,240,"{'max_leaf_nodes': 16, 'n_estimators': 240}",0.1868461360346345,0.1868461360346345,0.0,102
155,6.989303350448608,0.0,0.0904850959777832,0.0,16,250,"{'max_leaf_nodes': 16, 'n_estimators': 250}",0.18599518945578064,0.18599518945578064,0.0,136
156,7.245176315307617,0.0,0.09194779396057129,0.0,16,260,"{'max_leaf_nodes': 16, 'n_estimators': 260}",0.1862588042474591,0.1862588042474591,0.0,128
157,7.5277063846588135,0.0,0.09430909156799316,0.0,16,270,"{'max_leaf_nodes': 16, 'n_estimators': 270}",0.18624195277830424,0.18624195277830424,0.0,129
158,7.791287899017334,0.0,0.09660053253173828,0.0,16,280,"{'max_leaf_nodes': 16, 'n_estimators': 280}",0.18643403565712446,0.18643403565712446,0.0,119
159,8.060869216918945,0.0,0.10036945343017578,0.0,16,290,"{'max_leaf_nodes': 16, 'n_estimators': 290}",0.18626209903359237,0.18626209903359237,0.0,127
160,8.297783851623535,0.0,0.10697603225708008,0.0,16,300,"{'max_leaf_nodes': 16, 'n_estimators': 300}",0.18644599012533258,0.18644599012533258,0.0,118
161,8.523188591003418,0.0,0.10091471672058105,0.0,16,310,"{'max_leaf_nodes': 16, 'n_estimators': 310}",0.18598341056810586,0.18598341056810586,0.0,137
162,8.810155868530273,0.0,0.10685586929321289,0.0,16,320,"{'max_leaf_nodes': 16, 'n_estimators': 320}",0.1864716333155595,0.1864716333155595,0.0,117
163,9.109358072280884,0.0,0.10831856727600098,0.0,16,330,"{'max_leaf_nodes': 16, 'n_estimators': 330}",0.18658422573342792,0.18658422573342792,0.0,113
164,9.36705994606018,0.0,0.10961103439331055,0.0,16,340,"{'max_leaf_nodes': 16, 'n_estimators': 340}",0.18685595016893275,0.18685595016893275,0.0,101
165,9.643937110900879,0.0,0.11465120315551758,0.0,16,350,"{'max_leaf_nodes': 16, 'n_estimators': 350}",0.1868407410788515,0.1868407410788515,0.0,103
166,9.895552158355713,0.0,0.11523914337158203,0.0,16,360,"{'max_leaf_nodes': 16, 'n_estimators': 360}",0.18574544330547516,0.18574544330547516,0.0,142
167,10.19089150428772,0.0,0.11725687980651855,0.0,16,370,"{'max_leaf_nodes': 16, 'n_estimators': 370}",0.18705005920673845,0.18705005920673845,0.0,96
168,10.467684745788574,0.0,0.11810708045959473,0.0,16,380,"{'max_leaf_nodes': 16, 'n_estimators': 380}",0.18642654878642473,0.18642654878642473,0.0,120
169,10.713622570037842,0.0,0.11904668807983398,0.0,16,390,"{'max_leaf_nodes': 16, 'n_estimators': 390}",0.18669357740381665,0.18669357740381665,0.0,109
170,10.952594518661499,0.0,0.12396359443664551,0.0,16,400,"{'max_leaf_nodes': 16, 'n_estimators': 400}",0.18747641651631408,0.18747641651631408,0.0,91
171,11.197849750518799,0.0,0.12404584884643555,0.0,16,410,"{'max_leaf_nodes': 16, 'n_estimators': 410}",0.18670103933807292,0.18670103933807292,0.0,107
172,11.40415358543396,0.0,0.12866806983947754,0.0,16,420,"{'max_leaf_nodes': 16, 'n_estimators': 420}",0.18642479682126079,0.18642479682126079,0.0,121
173,11.810961723327637,0.0,0.12878990173339844,0.0,16,430,"{'max_leaf_nodes': 16, 'n_estimators': 430}",0.18613201121927658,0.18613201121927658,0.0,132
174,12.021214723587036,0.0,0.13023090362548828,0.0,16,440,"{'max_leaf_nodes': 16, 'n_estimators': 440}",0.18669783403166818,0.18669783403166818,0.0,108
175,12.255887746810913,0.0,0.13302016258239746,0.0,16,450,"{'max_leaf_nodes': 16, 'n_estimators': 450}",0.18666768542555434,0.18666768542555434,0.0,110
176,12.503214120864868,0.0,0.13452959060668945,0.0,16,460,"{'max_leaf_nodes': 16, 'n_estimators': 460}",0.18687059790827099,0.18687059790827099,0.0,100
177,12.820171356201172,0.0,0.13697385787963867,0.0,16,470,"{'max_leaf_nodes': 16, 'n_estimators': 470}",0.18672359012163053,0.18672359012163053,0.0,106
178,13.082037687301636,0.0,0.13959002494812012,0.0,16,480,"{'max_leaf_nodes': 16, 'n_estimators': 480}",0.18690051379048855,0.18690051379048855,0.0,99
179,13.353307962417603,0.0,0.1404094696044922,0.0,16,490,"{'max_leaf_nodes': 16, 'n_estimators': 490}",0.18654413218599086,0.18654413218599086,0.0,115
180,1.9247138500213623,0.0,0.03608059883117676,0.0,21,50,"{'max_leaf_nodes': 21, 'n_estimators': 50}",0.2001649524725,0.2001649524725,0.0,46
181,2.146393299102783,0.0,0.03459024429321289,0.0,21,60,"{'max_leaf_nodes': 21, 'n_estimators': 60}",0.19805333826196647,0.19805333826196647,0.0,47
182,2.4612228870391846,0.0,0.041989803314208984,0.0,21,70,"{'max_leaf_nodes': 21, 'n_estimators': 70}",0.1880077388991993,0.1880077388991993,0.0,89
183,2.706835985183716,0.0,0.04538893699645996,0.0,21,80,"{'max_leaf_nodes': 21, 'n_estimators': 80}",0.19469941994498485,0.19469941994498485,0.0,55
184,3.145681142807007,0.0,0.04836845397949219,0.0,21,90,"{'max_leaf_nodes': 21, 'n_estimators': 90}",0.19378709222145052,0.19378709222145052,0.0,60
185,3.3894271850585938,0.0,0.05227398872375488,0.0,21,100,"{'max_leaf_nodes': 21, 'n_estimators': 100}",0.188221356502154,0.188221356502154,0.0,87
186,3.6830055713653564,0.0,0.052141666412353516,0.0,21,110,"{'max_leaf_nodes': 21, 'n_estimators': 110}",0.1936317984147259,0.1936317984147259,0.0,63
187,3.8798301219940186,0.0,0.0558171272277832,0.0,21,120,"{'max_leaf_nodes': 21, 'n_estimators': 120}",0.18800933789220153,0.18800933789220153,0.0,88
188,4.3321850299835205,0.0,0.060957908630371094,0.0,21,130,"{'max_leaf_nodes': 21, 'n_estimators': 130}",0.1868089563401072,0.1868089563401072,0.0,105
189,4.5850749015808105,0.0,0.06255173683166504,0.0,21,140,"{'max_leaf_nodes': 21, 'n_estimators': 140}",0.19447658583693506,0.19447658583693506,0.0,58
190,4.800858497619629,0.0,0.06276106834411621,0.0,21,150,"{'max_leaf_nodes': 21, 'n_estimators': 150}",0.1898645927155348,0.1898645927155348,0.0,83
191,5.074801921844482,0.0,0.06688261032104492,0.0,21,160,"{'max_leaf_nodes': 21, 'n_estimators': 160}",0.19526480634551424,0.19526480634551424,0.0,51
192,5.434546232223511,0.0,0.06515312194824219,0.0,21,170,"{'max_leaf_nodes': 21, 'n_estimators': 170}",0.18647783444168486,0.18647783444168486,0.0,116
193,5.727848529815674,0.0,0.07334566116333008,0.0,21,180,"{'max_leaf_nodes': 21, 'n_estimators': 180}",0.19290388750421772,0.19290388750421772,0.0,67
194,6.069234609603882,0.0,0.07553815841674805,0.0,21,190,"{'max_leaf_nodes': 21, 'n_estimators': 190}",0.1847139983622288,0.1847139983622288,0.0,180
195,6.273249626159668,0.0,0.07825827598571777,0.0,21,200,"{'max_leaf_nodes': 21, 'n_estimators': 200}",0.18994265977987612,0.18994265977987612,0.0,82
196,6.608953952789307,0.0,0.07971429824829102,0.0,21,210,"{'max_leaf_nodes': 21, 'n_estimators': 210}",0.19367767730614371,0.19367767730614371,0.0,61
197,6.93079137802124,0.0,0.08415770530700684,0.0,21,220,"{'max_leaf_nodes': 21, 'n_estimators': 220}",0.19243464631639395,0.19243464631639395,0.0,70
198,7.183476448059082,0.0,0.08674883842468262,0.0,21,230,"{'max_leaf_nodes': 21, 'n_estimators': 230}",0.195452618921513,0.195452618921513,0.0,50
199,7.4466753005981445,0.0,0.08626556396484375,0.0,21,240,"{'max_leaf_nodes': 21, 'n_estimators': 240}",0.1962419051575014,0.1962419051575014,0.0,48
200,7.823843479156494,0.0,0.08857131004333496,0.0,21,250,"{'max_leaf_nodes': 21, 'n_estimators': 250}",0.18854677417195254,0.18854677417195254,0.0,85
201,8.057047843933105,0.0,0.0933835506439209,0.0,21,260,"{'max_leaf_nodes': 21, 'n_estimators': 260}",0.19252859410333145,0.19252859410333145,0.0,69
202,8.33141279220581,0.0,0.09649109840393066,0.0,21,270,"{'max_leaf_nodes': 21, 'n_estimators': 270}",0.1936546607780435,0.1936546607780435,0.0,62
203,8.6615731716156,0.0,0.09630632400512695,0.0,21,280,"{'max_leaf_nodes': 21, 'n_estimators': 280}",0.1906775358252969,0.1906775358252969,0.0,80
204,8.98189401626587,0.0,0.10029911994934082,0.0,21,290,"{'max_leaf_nodes': 21, 'n_estimators': 290}",0.19504597908382382,0.19504597908382382,0.0,52
205,9.23925232887268,0.0,0.10108113288879395,0.0,21,300,"{'max_leaf_nodes': 21, 'n_estimators': 300}",0.19464868229781995,0.19464868229781995,0.0,56
206,9.52317476272583,0.0,0.10563898086547852,0.0,21,310,"{'max_leaf_nodes': 21, 'n_estimators': 310}",0.1905371225993835,0.1905371225993835,0.0,81
207,9.853084802627563,0.0,0.1079857349395752,0.0,21,320,"{'max_leaf_nodes': 21, 'n_estimators': 320}",0.1919657181685791,0.1919657181685791,0.0,73
208,10.067073345184326,0.0,0.10583043098449707,0.0,21,330,"{'max_leaf_nodes': 21, 'n_estimators': 330}",0.19223386276814958,0.19223386276814958,0.0,71
209,10.448240041732788,0.0,0.11151504516601562,0.0,21,340,"{'max_leaf_nodes': 21, 'n_estimators': 340}",0.19153315703904306,0.19153315703904306,0.0,76
210,10.682586669921875,0.0,0.11691594123840332,0.0,21,350,"{'max_leaf_nodes': 21, 'n_estimators': 350}",0.191704808688115,0.191704808688115,0.0,74
211,10.995268821716309,0.0,0.11722683906555176,0.0,21,360,"{'max_leaf_nodes': 21, 'n_estimators': 360}",0.1947527697858613,0.1947527697858613,0.0,54
212,11.346391916275024,0.0,0.11699628829956055,0.0,21,370,"{'max_leaf_nodes': 21, 'n_estimators': 370}",0.19461987594878982,0.19461987594878982,0.0,57
213,11.596328973770142,0.0,0.11786985397338867,0.0,21,380,"{'max_leaf_nodes': 21, 'n_estimators': 380}",0.1940686115284157,0.1940686115284157,0.0,59
214,11.865878105163574,0.0,0.12213969230651855,0.0,21,390,"{'max_leaf_nodes': 21, 'n_estimators': 390}",0.19096820213056187,0.19096820213056187,0.0,79
215,12.058088064193726,0.0,0.1145777702331543,0.0,21,400,"{'max_leaf_nodes': 21, 'n_estimators': 400}",0.19351043926301525,0.19351043926301525,0.0,65
216,12.485915184020996,0.0,0.12537717819213867,0.0,21,410,"{'max_leaf_nodes': 21, 'n_estimators': 410}",0.19352850747544104,0.19352850747544104,0.0,64
217,12.722904920578003,0.0,0.12852787971496582,0.0,21,420,"{'max_leaf_nodes': 21, 'n_estimators': 420}",0.19586730302177224,0.19586730302177224,0.0,49
218,13.042011260986328,0.0,0.13002800941467285,0.0,21,430,"{'max_leaf_nodes': 21, 'n_estimators': 430}",0.1930837168763928,0.1930837168763928,0.0,66
219,13.351116180419922,0.0,0.12991857528686523,0.0,21,440,"{'max_leaf_nodes': 21, 'n_estimators': 440}",0.1916720788684545,0.1916720788684545,0.0,75
220,13.675499439239502,0.0,0.1344287395477295,0.0,21,450,"{'max_leaf_nodes': 21, 'n_estimators': 450}",0.19492925916038406,0.19492925916038406,0.0,53
221,13.933887958526611,0.0,0.13363933563232422,0.0,21,460,"{'max_leaf_nodes': 21, 'n_estimators': 460}",0.19103695088244543,0.19103695088244543,0.0,78
222,14.263485193252563,0.0,0.13933515548706055,0.0,21,470,"{'max_leaf_nodes': 21, 'n_estimators': 470}",0.19153116588178265,0.19153116588178265,0.0,77
223,14.588335037231445,0.0,0.1392226219177246,0.0,21,480,"{'max_leaf_nodes': 21, 'n_estimators': 480}",0.19258709765954873,0.19258709765954873,0.0,68
224,14.821822166442871,0.0,0.14008760452270508,0.0,21,490,"{'max_leaf_nodes': 21, 'n_estimators': 490}",0.1921016274286026,0.1921016274286026,0.0,72
225,2.093435287475586,0.0,0.03600454330444336,0.0,26,50,"{'max_leaf_nodes': 26, 'n_estimators': 50}",0.12349289473640057,0.12349289473640057,0.0,209
226,2.448242664337158,0.0,0.03813433647155762,0.0,26,60,"{'max_leaf_nodes': 26, 'n_estimators': 60}",0.11885944119835778,0.11885944119835778,0.0,222
227,2.7285189628601074,0.0,0.04337191581726074,0.0,26,70,"{'max_leaf_nodes': 26, 'n_estimators': 70}",0.11557507954345236,0.11557507954345236,0.0,225
228,3.0187222957611084,0.0,0.04363369941711426,0.0,26,80,"{'max_leaf_nodes': 26, 'n_estimators': 80}",0.1304780758336369,0.1304780758336369,0.0,185
229,3.4134912490844727,0.0,0.047962188720703125,0.0,26,90,"{'max_leaf_nodes': 26, 'n_estimators': 90}",0.11809411009575765,0.11809411009575765,0.0,223
230,3.7031185626983643,0.0,0.05086922645568848,0.0,26,100,"{'max_leaf_nodes': 26, 'n_estimators': 100}",0.13742887918013935,0.13742887918013935,0.0,182
231,3.9640326499938965,0.0,0.05440497398376465,0.0,26,110,"{'max_leaf_nodes': 26, 'n_estimators': 110}",0.11937021360107014,0.11937021360107014,0.0,220
232,4.337686061859131,0.0,0.05594921112060547,0.0,26,120,"{'max_leaf_nodes': 26, 'n_estimators': 120}",0.12867762704084373,0.12867762704084373,0.0,191
233,4.6945953369140625,0.0,0.05930376052856445,0.0,26,130,"{'max_leaf_nodes': 26, 'n_estimators': 130}",0.14317130224558416,0.14317130224558416,0.0,181
234,5.060352563858032,0.0,0.06107139587402344,0.0,26,140,"{'max_leaf_nodes': 26, 'n_estimators': 140}",0.12791227574563246,0.12791227574563246,0.0,193
235,5.269477605819702,0.0,0.06361722946166992,0.0,26,150,"{'max_leaf_nodes': 26, 'n_estimators': 150}",0.12419986809320105,0.12419986809320105,0.0,205
236,5.676175355911255,0.0,0.06600522994995117,0.0,26,160,"{'max_leaf_nodes': 26, 'n_estimators': 160}",0.12642172481507152,0.12642172481507152,0.0,199
237,6.009003639221191,0.0,0.06883382797241211,0.0,26,170,"{'max_leaf_nodes': 26, 'n_estimators': 170}",0.13173449573934515,0.13173449573934515,0.0,184
238,6.308093547821045,0.0,0.07265210151672363,0.0,26,180,"{'max_leaf_nodes': 26, 'n_estimators': 180}",0.11806192332179244,0.11806192332179244,0.0,224
239,6.636269807815552,0.0,0.07404637336730957,0.0,26,190,"{'max_leaf_nodes': 26, 'n_estimators': 190}",0.1242511451924816,0.1242511451924816,0.0,204
240,6.903708219528198,0.0,0.07927918434143066,0.0,26,200,"{'max_leaf_nodes': 26, 'n_estimators': 200}",0.12535162687663692,0.12535162687663692,0.0,200
241,7.301268100738525,0.0,0.07837271690368652,0.0,26,210,"{'max_leaf_nodes': 26, 'n_estimators': 210}",0.11952939450780098,0.11952939450780098,0.0,219
242,7.500999212265015,0.0,0.06871485710144043,0.0,26,220,"{'max_leaf_nodes': 26, 'n_estimators': 220}",0.12955762243409652,0.12955762243409652,0.0,188
243,7.91325044631958,0.0,0.08428525924682617,0.0,26,230,"{'max_leaf_nodes': 26, 'n_estimators': 230}",0.12779540273108358,0.12779540273108358,0.0,194
244,8.222657918930054,0.0,0.08765196800231934,0.0,26,240,"{'max_leaf_nodes': 26, 'n_estimators': 240}",0.12321459800729595,0.12321459800729595,0.0,211
245,8.59114384651184,0.0,0.08918404579162598,0.0,26,250,"{'max_leaf_nodes': 26, 'n_estimators': 250}",0.12748647147489456,0.12748647147489456,0.0,197
246,8.876357793807983,0.0,0.09224224090576172,0.0,26,260,"{'max_leaf_nodes': 26, 'n_estimators': 260}",0.12757584078412798,0.12757584078412798,0.0,196
247,9.26868462562561,0.0,0.09473133087158203,0.0,26,270,"{'max_leaf_nodes': 26, 'n_estimators': 270}",0.12498683723731718,0.12498683723731718,0.0,202
248,9.579086065292358,0.0,0.09748697280883789,0.0,26,280,"{'max_leaf_nodes': 26, 'n_estimators': 280}",0.12170966671364147,0.12170966671364147,0.0,213
249,9.8447847366333,0.0,0.09778809547424316,0.0,26,290,"{'max_leaf_nodes': 26, 'n_estimators': 290}",0.12009231833321488,0.12009231833321488,0.0,217
250,10.185519456863403,0.0,0.09916901588439941,0.0,26,300,"{'max_leaf_nodes': 26, 'n_estimators': 300}",0.12992887685767163,0.12992887685767163,0.0,186
251,10.527618408203125,0.0,0.10403275489807129,0.0,26,310,"{'max_leaf_nodes': 26, 'n_estimators': 310}",0.1242620689241759,0.1242620689241759,0.0,203
252,10.893056392669678,0.0,0.1045525074005127,0.0,26,320,"{'max_leaf_nodes': 26, 'n_estimators': 320}",0.11923602496181018,0.11923602496181018,0.0,221
253,11.160149097442627,0.0,0.10608625411987305,0.0,26,330,"{'max_leaf_nodes': 26, 'n_estimators': 330}",0.12530437434288055,0.12530437434288055,0.0,201
254,11.462755918502808,0.0,0.11324906349182129,0.0,26,340,"{'max_leaf_nodes': 26, 'n_estimators': 340}",0.12102553041086472,0.12102553041086472,0.0,215
255,11.787774085998535,0.0,0.11374235153198242,0.0,26,350,"{'max_leaf_nodes': 26, 'n_estimators': 350}",0.12347620910968926,0.12347620910968926,0.0,210
256,12.139642477035522,0.0,0.11361074447631836,0.0,26,360,"{'max_leaf_nodes': 26, 'n_estimators': 360}",0.12375233516426021,0.12375233516426021,0.0,207
257,12.518208503723145,0.0,0.1177220344543457,0.0,26,370,"{'max_leaf_nodes': 26, 'n_estimators': 370}",0.12772077535592896,0.12772077535592896,0.0,195
258,12.766021490097046,0.0,0.12068581581115723,0.0,26,380,"{'max_leaf_nodes': 26, 'n_estimators': 380}",0.13313643304939649,0.13313643304939649,0.0,183
259,13.110461950302124,0.0,0.12134885787963867,0.0,26,390,"{'max_leaf_nodes': 26, 'n_estimators': 390}",0.12744979419002367,0.12744979419002367,0.0,198
260,13.41433334350586,0.0,0.12501311302185059,0.0,26,400,"{'max_leaf_nodes': 26, 'n_estimators': 400}",0.12895696768504683,0.12895696768504683,0.0,190
261,13.657910585403442,0.0,0.12564468383789062,0.0,26,410,"{'max_leaf_nodes': 26, 'n_estimators': 410}",0.12959001957625538,0.12959001957625538,0.0,187
262,14.074089050292969,0.0,0.12749838829040527,0.0,26,420,"{'max_leaf_nodes': 26, 'n_estimators': 420}",0.12370337464476744,0.12370337464476744,0.0,208
263,14.441263914108276,0.0,0.12795329093933105,0.0,26,430,"{'max_leaf_nodes': 26, 'n_estimators': 430}",0.12137532575032928,0.12137532575032928,0.0,214
264,14.785120010375977,0.0,0.13446259498596191,0.0,26,440,"{'max_leaf_nodes': 26, 'n_estimators': 440}",0.12815766073473978,0.12815766073473978,0.0,192
265,15.059547901153564,0.0,0.1339259147644043,0.0,26,450,"{'max_leaf_nodes': 26, 'n_estimators': 450}",0.12384585315153929,0.12384585315153929,0.0,206
266,15.417032241821289,0.0,0.13292551040649414,0.0,26,460,"{'max_leaf_nodes': 26, 'n_estimators': 460}",0.12914546311041097,0.12914546311041097,0.0,189
267,15.775479555130005,0.0,0.135894775390625,0.0,26,470,"{'max_leaf_nodes': 26, 'n_estimators': 470}",0.11963531639740421,0.11963531639740421,0.0,218
268,16.043431282043457,0.0,0.14047694206237793,0.0,26,480,"{'max_leaf_nodes': 26, 'n_estimators': 480}",0.12292878589059697,0.12292878589059697,0.0,212
269,16.362436056137085,0.0,0.14401006698608398,0.0,26,490,"{'max_leaf_nodes': 26, 'n_estimators': 490}",0.12063581026772308,0.12063581026772308,0.0,216
270,2.2507400512695312,0.0,0.03767800331115723,0.0,31,50,"{'max_leaf_nodes': 31, 'n_estimators': 50}",0.0704739478864137,0.0704739478864137,0.0,269
271,2.577434778213501,0.0,0.03928828239440918,0.0,31,60,"{'max_leaf_nodes': 31, 'n_estimators': 60}",0.06769840802542437,0.06769840802542437,0.0,270
272,2.8942108154296875,0.0,0.042424917221069336,0.0,31,70,"{'max_leaf_nodes': 31, 'n_estimators': 70}",0.09219338883420303,0.09219338883420303,0.0,226
273,3.233717203140259,0.0,0.045374155044555664,0.0,31,80,"{'max_leaf_nodes': 31, 'n_estimators': 80}",0.07680101282109675,0.07680101282109675,0.0,262
274,3.6651668548583984,0.0,0.04711461067199707,0.0,31,90,"{'max_leaf_nodes': 31, 'n_estimators': 90}",0.07643430365931536,0.07643430365931536,0.0,264
275,4.010110855102539,0.0,0.0508732795715332,0.0,31,100,"{'max_leaf_nodes': 31, 'n_estimators': 100}",0.08003106568861551,0.08003106568861551,0.0,247
276,4.289933919906616,0.0,0.053923606872558594,0.0,31,110,"{'max_leaf_nodes': 31, 'n_estimators': 110}",0.07901561280901503,0.07901561280901503,0.0,256
277,4.640870809555054,0.0,0.056345224380493164,0.0,31,120,"{'max_leaf_nodes': 31, 'n_estimators': 120}",0.08063257781019528,0.08063257781019528,0.0,241
278,5.092909812927246,0.0,0.057169198989868164,0.0,31,130,"{'max_leaf_nodes': 31, 'n_estimators': 130}",0.0808498772793742,0.0808498772793742,0.0,239
279,5.392746448516846,0.0,0.06268739700317383,0.0,31,140,"{'max_leaf_nodes': 31, 'n_estimators': 140}",0.0793936265747478,0.0793936265747478,0.0,252
280,5.675307989120483,0.0,0.06442856788635254,0.0,31,150,"{'max_leaf_nodes': 31, 'n_estimators': 150}",0.07688624008294642,0.07688624008294642,0.0,261
281,6.014055013656616,0.0,0.06717395782470703,0.0,31,160,"{'max_leaf_nodes': 31, 'n_estimators': 160}",0.07591344494690533,0.07591344494690533,0.0,266
282,6.4544761180877686,0.0,0.06890559196472168,0.0,31,170,"{'max_leaf_nodes': 31, 'n_estimators': 170}",0.08474899437205663,0.08474899437205663,0.0,227
283,6.808316469192505,0.0,0.0706334114074707,0.0,31,180,"{'max_leaf_nodes': 31, 'n_estimators': 180}",0.07873869134087497,0.07873869134087497,0.0,258
284,7.09660530090332,0.0,0.07443428039550781,0.0,31,190,"{'max_leaf_nodes': 31, 'n_estimators': 190}",0.08287750900206514,0.08287750900206514,0.0,232
285,7.424549341201782,0.0,0.0775139331817627,0.0,31,200,"{'max_leaf_nodes': 31, 'n_estimators': 200}",0.08198598768939136,0.08198598768939136,0.0,235
286,7.7270379066467285,0.0,0.07457685470581055,0.0,31,210,"{'max_leaf_nodes': 31, 'n_estimators': 210}",0.07586898361872674,0.07586898361872674,0.0,267
287,8.14135479927063,0.0,0.08376431465148926,0.0,31,220,"{'max_leaf_nodes': 31, 'n_estimators': 220}",0.07488688271414334,0.07488688271414334,0.0,268
288,8.541398286819458,0.0,0.08530187606811523,0.0,31,230,"{'max_leaf_nodes': 31, 'n_estimators': 230}",0.08042802982775488,0.08042802982775488,0.0,244
289,8.89270806312561,0.0,0.08811378479003906,0.0,31,240,"{'max_leaf_nodes': 31, 'n_estimators': 240}",0.08256167296048089,0.08256167296048089,0.0,233
290,9.161690473556519,0.0,0.08716106414794922,0.0,31,250,"{'max_leaf_nodes': 31, 'n_estimators': 250}",0.07919134808927009,0.07919134808927009,0.0,254
291,9.561156034469604,0.0,0.0925436019897461,0.0,31,260,"{'max_leaf_nodes': 31, 'n_estimators': 260}",0.08083254768804538,0.08083254768804538,0.0,240
292,9.921245813369751,0.0,0.0950932502746582,0.0,31,270,"{'max_leaf_nodes': 31, 'n_estimators': 270}",0.08041940341097276,0.08041940341097276,0.0,245
293,10.328139066696167,0.0,0.09521961212158203,0.0,31,280,"{'max_leaf_nodes': 31, 'n_estimators': 280}",0.08172248275019578,0.08172248275019578,0.0,238
294,10.655698776245117,0.0,0.09923076629638672,0.0,31,290,"{'max_leaf_nodes': 31, 'n_estimators': 290}",0.08198391149340123,0.08198391149340123,0.0,236
295,10.999896049499512,0.0,0.10371279716491699,0.0,31,300,"{'max_leaf_nodes': 31, 'n_estimators': 300}",0.08403256237522772,0.08403256237522772,0.0,229
296,11.309788227081299,0.0,0.10375761985778809,0.0,31,310,"{'max_leaf_nodes': 31, 'n_estimators': 310}",0.07694049770693279,0.07694049770693279,0.0,260
297,11.56049370765686,0.0,0.1058797836303711,0.0,31,320,"{'max_leaf_nodes': 31, 'n_estimators': 320}",0.07591709956000936,0.07591709956000936,0.0,265
298,12.100120544433594,0.0,0.1087198257446289,0.0,31,330,"{'max_leaf_nodes': 31, 'n_estimators': 330}",0.08321263161439096,0.08321263161439096,0.0,230
299,12.39364767074585,0.0,0.10991549491882324,0.0,31,340,"{'max_leaf_nodes': 31, 'n_estimators': 340}",0.07972158767246607,0.07972158767246607,0.0,249
300,12.666439771652222,0.0,0.11208152770996094,0.0,31,350,"{'max_leaf_nodes': 31, 'n_estimators': 350}",0.08058084324055137,0.08058084324055137,0.0,242
301,13.12386178970337,0.0,0.11590409278869629,0.0,31,360,"{'max_leaf_nodes': 31, 'n_estimators': 360}",0.08304961148486578,0.08304961148486578,0.0,231
302,13.446607828140259,0.0,0.11710166931152344,0.0,31,370,"{'max_leaf_nodes': 31, 'n_estimators': 370}",0.07663749539615994,0.07663749539615994,0.0,263
303,13.771503686904907,0.0,0.11891412734985352,0.0,31,380,"{'max_leaf_nodes': 31, 'n_estimators': 380}",0.07954484788246008,0.07954484788246008,0.0,251
304,14.14561152458191,0.0,0.11854696273803711,0.0,31,390,"{'max_leaf_nodes': 31, 'n_estimators': 390}",0.07970048662756146,0.07970048662756146,0.0,250
305,14.47780156135559,0.0,0.12228751182556152,0.0,31,400,"{'max_leaf_nodes': 31, 'n_estimators': 400}",0.08226877927722498,0.08226877927722498,0.0,234
306,14.885566234588623,0.0,0.12473082542419434,0.0,31,410,"{'max_leaf_nodes': 31, 'n_estimators': 410}",0.07896252025428441,0.07896252025428441,0.0,257
307,15.214977502822876,0.0,0.12537741661071777,0.0,31,420,"{'max_leaf_nodes': 31, 'n_estimators': 420}",0.08030134247275988,0.08030134247275988,0.0,246
308,15.544291257858276,0.0,0.12873601913452148,0.0,31,430,"{'max_leaf_nodes': 31, 'n_estimators': 430}",0.08447304100952358,0.08447304100952358,0.0,228
309,15.904454469680786,0.0,0.12970924377441406,0.0,31,440,"{'max_leaf_nodes': 31, 'n_estimators': 440}",0.07747948348195477,0.07747948348195477,0.0,259
310,16.13593888282776,0.0,0.13439202308654785,0.0,31,450,"{'max_leaf_nodes': 31, 'n_estimators': 450}",0.07984185955455692,0.07984185955455692,0.0,248
311,16.574440240859985,0.0,0.13595032691955566,0.0,31,460,"{'max_leaf_nodes': 31, 'n_estimators': 460}",0.08189672149826988,0.08189672149826988,0.0,237
312,16.999914407730103,0.0,0.1383681297302246,0.0,31,470,"{'max_leaf_nodes': 31, 'n_estimators': 470}",0.07909651207884083,0.07909651207884083,0.0,255
313,17.40199303627014,0.0,0.13977980613708496,0.0,31,480,"{'max_leaf_nodes': 31, 'n_estimators': 480}",0.07938898340154565,0.07938898340154565,0.0,253
314,17.59380030632019,0.0,0.12143135070800781,0.0,31,490,"{'max_leaf_nodes': 31, 'n_estimators': 490}",0.08055442208428465,0.08055442208428465,0.0,243
315,2.3624308109283447,0.0,0.03602933883666992,0.0,36,50,"{'max_leaf_nodes': 36, 'n_estimators': 50}",0.04953306068194285,0.04953306068194285,0.0,315
316,2.71637225151062,0.0,0.038202524185180664,0.0,36,60,"{'max_leaf_nodes': 36, 'n_estimators': 60}",0.05320261113464142,0.05320261113464142,0.0,313
317,3.058138608932495,0.0,0.04233860969543457,0.0,36,70,"{'max_leaf_nodes': 36, 'n_estimators': 70}",0.057325500932616125,0.057325500932616125,0.0,311
318,3.3995437622070312,0.0,0.046160221099853516,0.0,36,80,"{'max_leaf_nodes': 36, 'n_estimators': 80}",0.05688961804766668,0.05688961804766668,0.0,312
319,3.8961448669433594,0.0,0.04833841323852539,0.0,36,90,"{'max_leaf_nodes': 36, 'n_estimators': 90}",0.06010278468870489,0.06010278468870489,0.0,303
320,4.212907075881958,0.0,0.050086021423339844,0.0,36,100,"{'max_leaf_nodes': 36, 'n_estimators': 100}",0.06451554781776492,0.06451554781776492,0.0,274
321,4.525933504104614,0.0,0.053110361099243164,0.0,36,110,"{'max_leaf_nodes': 36, 'n_estimators': 110}",0.05315026249485244,0.05315026249485244,0.0,314
322,4.895633697509766,0.0,0.056528329849243164,0.0,36,120,"{'max_leaf_nodes': 36, 'n_estimators': 120}",0.06323764717137781,0.06323764717137781,0.0,282
323,5.3372790813446045,0.0,0.059561729431152344,0.0,36,130,"{'max_leaf_nodes': 36, 'n_estimators': 130}",0.06377235637228085,0.06377235637228085,0.0,278
324,5.7655181884765625,0.0,0.06377148628234863,0.0,36,140,"{'max_leaf_nodes': 36, 'n_estimators': 140}",0.06637956823003754,0.06637956823003754,0.0,272
325,6.000981092453003,0.0,0.06373715400695801,0.0,36,150,"{'max_leaf_nodes': 36, 'n_estimators': 150}",0.06029442726448542,0.06029442726448542,0.0,300
326,6.402972459793091,0.0,0.06814432144165039,0.0,36,160,"{'max_leaf_nodes': 36, 'n_estimators': 160}",0.0616854979898126,0.0616854979898126,0.0,288
327,6.879343271255493,0.0,0.07016801834106445,0.0,36,170,"{'max_leaf_nodes': 36, 'n_estimators': 170}",0.06351539264370565,0.06351539264370565,0.0,281
328,7.212282657623291,0.0,0.07092785835266113,0.0,36,180,"{'max_leaf_nodes': 36, 'n_estimators': 180}",0.06379485616605618,0.06379485616605618,0.0,277
329,7.4956214427948,0.0,0.07437729835510254,0.0,36,190,"{'max_leaf_nodes': 36, 'n_estimators': 190}",0.06011501876069547,0.06011501876069547,0.0,302
330,7.866944074630737,0.0,0.07671070098876953,0.0,36,200,"{'max_leaf_nodes': 36, 'n_estimators': 200}",0.05847329135624246,0.05847329135624246,0.0,310
331,8.326533317565918,0.0,0.0810098648071289,0.0,36,210,"{'max_leaf_nodes': 36, 'n_estimators': 210}",0.05967373768657336,0.05967373768657336,0.0,306
332,8.657805681228638,0.0,0.0821535587310791,0.0,36,220,"{'max_leaf_nodes': 36, 'n_estimators': 220}",0.06110442739412514,0.06110442739412514,0.0,294
333,8.961244344711304,0.0,0.08525347709655762,0.0,36,230,"{'max_leaf_nodes': 36, 'n_estimators': 230}",0.06302208825876687,0.06302208825876687,0.0,283
334,9.303935050964355,0.0,0.0877687931060791,0.0,36,240,"{'max_leaf_nodes': 36, 'n_estimators': 240}",0.06001215752235256,0.06001215752235256,0.0,305
335,9.776439905166626,0.0,0.08917975425720215,0.0,36,250,"{'max_leaf_nodes': 36, 'n_estimators': 250}",0.06090268255038278,0.06090268255038278,0.0,296
336,10.156859159469604,0.0,0.09104537963867188,0.0,36,260,"{'max_leaf_nodes': 36, 'n_estimators': 260}",0.062144717682808714,0.062144717682808714,0.0,286
337,10.478450298309326,0.0,0.09402298927307129,0.0,36,270,"{'max_leaf_nodes': 36, 'n_estimators': 270}",0.06226090657870864,0.06226090657870864,0.0,285
338,10.936243295669556,0.0,0.09666275978088379,0.0,36,280,"{'max_leaf_nodes': 36, 'n_estimators': 280}",0.06134069863756508,0.06134069863756508,0.0,293
339,11.25150179862976,0.0,0.09871745109558105,0.0,36,290,"{'max_leaf_nodes': 36, 'n_estimators': 290}",0.06472607557670462,0.06472607557670462,0.0,273
340,11.660050868988037,0.0,0.10219621658325195,0.0,36,300,"{'max_leaf_nodes': 36, 'n_estimators': 300}",0.059374014754349336,0.059374014754349336,0.0,309
341,12.009357690811157,0.0,0.10348701477050781,0.0,36,310,"{'max_leaf_nodes': 36, 'n_estimators': 310}",0.06016510264155117,0.06016510264155117,0.0,301
342,12.363500356674194,0.0,0.10818791389465332,0.0,36,320,"{'max_leaf_nodes': 36, 'n_estimators': 320}",0.06687170550748756,0.06687170550748756,0.0,271
343,12.800004243850708,0.0,0.10863280296325684,0.0,36,330,"{'max_leaf_nodes': 36, 'n_estimators': 330}",0.06194301784867584,0.06194301784867584,0.0,287
344,13.040140151977539,0.0,0.10916733741760254,0.0,36,340,"{'max_leaf_nodes': 36, 'n_estimators': 340}",0.06241422624027593,0.06241422624027593,0.0,284
345,13.498806476593018,0.0,0.11179113388061523,0.0,36,350,"{'max_leaf_nodes': 36, 'n_estimators': 350}",0.0638513420043253,0.0638513420043253,0.0,276
346,13.845174074172974,0.0,0.1149747371673584,0.0,36,360,"{'max_leaf_nodes': 36, 'n_estimators': 360}",0.05937720536540225,0.05937720536540225,0.0,308
347,14.214873552322388,0.0,0.11841177940368652,0.0,36,370,"{'max_leaf_nodes': 36, 'n_estimators': 370}",0.06009584072764318,0.06009584072764318,0.0,304
348,14.639878034591675,0.0,0.1178274154663086,0.0,36,380,"{'max_leaf_nodes': 36, 'n_estimators': 380}",0.0644281019888302,0.0644281019888302,0.0,275
349,14.996380090713501,0.0,0.12055373191833496,0.0,36,390,"{'max_leaf_nodes': 36, 'n_estimators': 390}",0.0608821256221197,0.0608821256221197,0.0,297
350,15.386817693710327,0.0,0.1250143051147461,0.0,36,400,"{'max_leaf_nodes': 36, 'n_estimators': 400}",0.061478998929453854,0.061478998929453854,0.0,291
351,15.718076467514038,0.0,0.12573862075805664,0.0,36,410,"{'max_leaf_nodes': 36, 'n_estimators': 410}",0.06033848538245956,0.06033848538245956,0.0,299
352,16.04152226448059,0.0,0.12848448753356934,0.0,36,420,"{'max_leaf_nodes': 36, 'n_estimators': 420}",0.06145002083844031,0.06145002083844031,0.0,292
353,16.49661135673523,0.0,0.12015938758850098,0.0,36,430,"{'max_leaf_nodes': 36, 'n_estimators': 430}",0.06369379766299121,0.06369379766299121,0.0,280
354,16.838085889816284,0.0,0.13220691680908203,0.0,36,440,"{'max_leaf_nodes': 36, 'n_estimators': 440}",0.06062193345361244,0.06062193345361244,0.0,298
355,17.230372190475464,0.0,0.13552093505859375,0.0,36,450,"{'max_leaf_nodes': 36, 'n_estimators': 450}",0.0637649780377757,0.0637649780377757,0.0,279
356,17.53559398651123,0.0,0.13805150985717773,0.0,36,460,"{'max_leaf_nodes': 36, 'n_estimators': 460}",0.059575088640406504,0.059575088640406504,0.0,307
357,17.910892724990845,0.0,0.13711977005004883,0.0,36,470,"{'max_leaf_nodes': 36, 'n_estimators': 470}",0.06107823583355987,0.06107823583355987,0.0,295
358,18.256426095962524,0.0,0.14050865173339844,0.0,36,480,"{'max_leaf_nodes': 36, 'n_estimators': 480}",0.061625917527676544,0.061625917527676544,0.0,289
359,18.667489051818848,0.0,0.14196372032165527,0.0,36,490,"{'max_leaf_nodes': 36, 'n_estimators': 490}",0.061611883844649995,0.061611883844649995,0.0,290
360,2.458421468734741,0.0,0.03564095497131348,0.0,41,50,"{'max_leaf_nodes': 41, 'n_estimators': 50}",0.038033444252747795,0.038033444252747795,0.0,362
361,2.851447105407715,0.0,0.03923535346984863,0.0,41,60,"{'max_leaf_nodes': 41, 'n_estimators': 60}",0.04938440507533859,0.04938440507533859,0.0,316
362,3.1708436012268066,0.0,0.042623043060302734,0.0,41,70,"{'max_leaf_nodes': 41, 'n_estimators': 70}",0.03417921933116019,0.03417921933116019,0.0,378
363,3.5684709548950195,0.0,0.04495406150817871,0.0,41,80,"{'max_leaf_nodes': 41, 'n_estimators': 80}",0.03829105042301273,0.03829105042301273,0.0,361
364,4.061773061752319,0.0,0.04807639122009277,0.0,41,90,"{'max_leaf_nodes': 41, 'n_estimators': 90}",0.041852490559182165,0.041852490559182165,0.0,340
365,4.426758289337158,0.0,0.049927473068237305,0.0,41,100,"{'max_leaf_nodes': 41, 'n_estimators': 100}",0.042899808128876504,0.042899808128876504,0.0,331
366,4.757304430007935,0.0,0.05399274826049805,0.0,41,110,"{'max_leaf_nodes': 41, 'n_estimators': 110}",0.04261248343889168,0.04261248343889168,0.0,334
367,5.092804908752441,0.0,0.0581972599029541,0.0,41,120,"{'max_leaf_nodes': 41, 'n_estimators': 120}",0.042226503205132326,0.042226503205132326,0.0,337
368,5.5986621379852295,0.0,0.059865474700927734,0.0,41,130,"{'max_leaf_nodes': 41, 'n_estimators': 130}",0.03656277621953463,0.03656277621953463,0.0,366
369,5.974463939666748,0.0,0.06122541427612305,0.0,41,140,"{'max_leaf_nodes': 41, 'n_estimators': 140}",0.037904814752766414,0.037904814752766414,0.0,363
370,6.2607293128967285,0.0,0.06425690650939941,0.0,41,150,"{'max_leaf_nodes': 41, 'n_estimators': 150}",0.04073912588089201,0.04073912588089201,0.0,351
371,6.663758754730225,0.0,0.06812286376953125,0.0,41,160,"{'max_leaf_nodes': 41, 'n_estimators': 160}",0.04071179986638884,0.04071179986638884,0.0,352
372,7.068235874176025,0.0,0.06462812423706055,0.0,41,170,"{'max_leaf_nodes': 41, 'n_estimators': 170}",0.04107139063808585,0.04107139063808585,0.0,348
373,7.5216383934021,0.0,0.07310104370117188,0.0,41,180,"{'max_leaf_nodes': 41, 'n_estimators': 180}",0.0432350384307294,0.0432350384307294,0.0,326
374,7.891391754150391,0.0,0.07557368278503418,0.0,41,190,"{'max_leaf_nodes': 41, 'n_estimators': 190}",0.04534624799098452,0.04534624799098452,0.0,319
375,8.225222826004028,0.0,0.07680892944335938,0.0,41,200,"{'max_leaf_nodes': 41, 'n_estimators': 200}",0.04318481675194108,0.04318481675194108,0.0,327
376,8.69990587234497,0.0,0.07914853096008301,0.0,41,210,"{'max_leaf_nodes': 41, 'n_estimators': 210}",0.040322972743974006,0.040322972743974006,0.0,354
377,9.059003829956055,0.0,0.08104634284973145,0.0,41,220,"{'max_leaf_nodes': 41, 'n_estimators': 220}",0.039981694418211866,0.039981694418211866,0.0,356
378,9.3751220703125,0.0,0.08433794975280762,0.0,41,230,"{'max_leaf_nodes': 41, 'n_estimators': 230}",0.04121357645129686,0.04121357645129686,0.0,347
379,9.792436838150024,0.0,0.08558893203735352,0.0,41,240,"{'max_leaf_nodes': 41, 'n_estimators': 240}",0.04605103722050041,0.04605103722050041,0.0,317
380,10.309812784194946,0.0,0.08851933479309082,0.0,41,250,"{'max_leaf_nodes': 41, 'n_estimators': 250}",0.04310422713938333,0.04310422713938333,0.0,329
381,10.609412908554077,0.0,0.0943760871887207,0.0,41,260,"{'max_leaf_nodes': 41, 'n_estimators': 260}",0.04170673282108284,0.04170673282108284,0.0,343
382,10.938844203948975,0.0,0.09488272666931152,0.0,41,270,"{'max_leaf_nodes': 41, 'n_estimators': 270}",0.04263606363128891,0.04263606363128891,0.0,333
383,11.365834951400757,0.0,0.09522080421447754,0.0,41,280,"{'max_leaf_nodes': 41, 'n_estimators': 280}",0.0396082899848752,0.0396082899848752,0.0,359
384,11.807745456695557,0.0,0.09987425804138184,0.0,41,290,"{'max_leaf_nodes': 41, 'n_estimators': 290}",0.04165843193014962,0.04165843193014962,0.0,344
385,12.249195575714111,0.0,0.10315680503845215,0.0,41,300,"{'max_leaf_nodes': 41, 'n_estimators': 300}",0.04295626095126981,0.04295626095126981,0.0,330
386,12.484791278839111,0.0,0.10299825668334961,0.0,41,310,"{'max_leaf_nodes': 41, 'n_estimators': 310}",0.04181227541467181,0.04181227541467181,0.0,341
387,12.973016023635864,0.0,0.10578322410583496,0.0,41,320,"{'max_leaf_nodes': 41, 'n_estimators': 320}",0.042644979776639946,0.042644979776639946,0.0,332
388,13.396490812301636,0.0,0.1001594066619873,0.0,41,330,"{'max_leaf_nodes': 41, 'n_estimators': 330}",0.04414980746716679,0.04414980746716679,0.0,320
389,13.701587200164795,0.0,0.11076688766479492,0.0,41,340,"{'max_leaf_nodes': 41, 'n_estimators': 340}",0.03987236496865787,0.03987236496865787,0.0,358
390,14.071491718292236,0.0,0.11298346519470215,0.0,41,350,"{'max_leaf_nodes': 41, 'n_estimators': 350}",0.04096989758535363,0.04096989758535363,0.0,349
391,14.520001411437988,0.0,0.11353039741516113,0.0,41,360,"{'max_leaf_nodes': 41, 'n_estimators': 360}",0.04314656866481292,0.04314656866481292,0.0,328
392,14.86816143989563,0.0,0.11604762077331543,0.0,41,370,"{'max_leaf_nodes': 41, 'n_estimators': 370}",0.0412882395699935,0.0412882395699935,0.0,346
393,15.291606187820435,0.0,0.12029695510864258,0.0,41,380,"{'max_leaf_nodes': 41, 'n_estimators': 380}",0.04257434435530216,0.04257434435530216,0.0,335
394,15.699294567108154,0.0,0.1214449405670166,0.0,41,390,"{'max_leaf_nodes': 41, 'n_estimators': 390}",0.043263415058575005,0.043263415058575005,0.0,325
395,16.02363634109497,0.0,0.12357568740844727,0.0,41,400,"{'max_leaf_nodes': 41, 'n_estimators': 400}",0.04046017818409098,0.04046017818409098,0.0,353
396,16.48287534713745,0.0,0.12544679641723633,0.0,41,410,"{'max_leaf_nodes': 41, 'n_estimators': 410}",0.04242827905273172,0.04242827905273172,0.0,336
397,16.848528146743774,0.0,0.12805557250976562,0.0,41,420,"{'max_leaf_nodes': 41, 'n_estimators': 420}",0.04173714711376331,0.04173714711376331,0.0,342
398,17.202459573745728,0.0,0.1273341178894043,0.0,41,430,"{'max_leaf_nodes': 41, 'n_estimators': 430}",0.04208032699441289,0.04208032699441289,0.0,338
399,17.51513910293579,0.0,0.1275768280029297,0.0,41,440,"{'max_leaf_nodes': 41, 'n_estimators': 440}",0.044020414074123826,0.044020414074123826,0.0,323
400,18.061493396759033,0.0,0.1337289810180664,0.0,41,450,"{'max_leaf_nodes': 41, 'n_estimators': 450}",0.044027482201613566,0.044027482201613566,0.0,322
401,18.5373957157135,0.0,0.13682126998901367,0.0,41,460,"{'max_leaf_nodes': 41, 'n_estimators': 460}",0.04410560651660855,0.04410560651660855,0.0,321
402,18.82967448234558,0.0,0.13605451583862305,0.0,41,470,"{'max_leaf_nodes': 41, 'n_estimators': 470}",0.03988734174194586,0.03988734174194586,0.0,357
403,19.170766592025757,0.0,0.13925790786743164,0.0,41,480,"{'max_leaf_nodes': 41, 'n_estimators': 480}",0.040121972563574304,0.040121972563574304,0.0,355
404,19.603022813796997,0.0,0.14242243766784668,0.0,41,490,"{'max_leaf_nodes': 41, 'n_estimators': 490}",0.04192322552016725,0.04192322552016725,0.0,339
405,2.559225082397461,0.0,0.03597211837768555,0.0,46,50,"{'max_leaf_nodes': 46, 'n_estimators': 50}",0.045994437213649375,0.045994437213649375,0.0,318
406,2.9492311477661133,0.0,0.039577484130859375,0.0,46,60,"{'max_leaf_nodes': 46, 'n_estimators': 60}",0.04371598641142471,0.04371598641142471,0.0,324
407,3.3121747970581055,0.0,0.04276752471923828,0.0,46,70,"{'max_leaf_nodes': 46, 'n_estimators': 70}",0.04096354345338071,0.04096354345338071,0.0,350
408,3.664079189300537,0.0,0.04505133628845215,0.0,46,80,"{'max_leaf_nodes': 46, 'n_estimators': 80}",0.03055364400404248,0.03055364400404248,0.0,399
409,4.2154541015625,0.0,0.04723858833312988,0.0,46,90,"{'max_leaf_nodes': 46, 'n_estimators': 90}",0.03739060348506784,0.03739060348506784,0.0,364
410,4.602719306945801,0.0,0.04973411560058594,0.0,46,100,"{'max_leaf_nodes': 46, 'n_estimators': 100}",0.027486674215689066,0.027486674215689066,0.0,404
411,4.951671600341797,0.0,0.05258369445800781,0.0,46,110,"{'max_leaf_nodes': 46, 'n_estimators': 110}",0.032084173872590216,0.032084173872590216,0.0,393
412,5.361145496368408,0.0,0.054955244064331055,0.0,46,120,"{'max_leaf_nodes': 46, 'n_estimators': 120}",0.029816033728427893,0.029816033728427893,0.0,402
413,5.816548109054565,0.0,0.059526920318603516,0.0,46,130,"{'max_leaf_nodes': 46, 'n_estimators': 130}",0.031560021158068774,0.031560021158068774,0.0,395
414,6.090522289276123,0.0,0.05361318588256836,0.0,46,140,"{'max_leaf_nodes': 46, 'n_estimators': 140}",0.04164347102654342,0.04164347102654342,0.0,345
415,6.467005491256714,0.0,0.06474757194519043,0.0,46,150,"{'max_leaf_nodes': 46, 'n_estimators': 150}",0.03250486166624622,0.03250486166624622,0.0,389
416,7.015733242034912,0.0,0.0659949779510498,0.0,46,160,"{'max_leaf_nodes': 46, 'n_estimators': 160}",0.0312156784571217,0.0312156784571217,0.0,397
417,7.460533618927002,0.0,0.06879091262817383,0.0,46,170,"{'max_leaf_nodes': 46, 'n_estimators': 170}",0.03531364240539914,0.03531364240539914,0.0,373
418,7.879394292831421,0.0,0.07184767723083496,0.0,46,180,"{'max_leaf_nodes': 46, 'n_estimators': 180}",0.038826625657298997,0.038826625657298997,0.0,360
419,8.176923751831055,0.0,0.07470130920410156,0.0,46,190,"{'max_leaf_nodes': 46, 'n_estimators': 190}",0.03606425442517036,0.03606425442517036,0.0,368
420,8.56890082359314,0.0,0.07825493812561035,0.0,46,200,"{'max_leaf_nodes': 46, 'n_estimators': 200}",0.0335737460347969,0.0335737460347969,0.0,381
421,9.038869619369507,0.0,0.07816553115844727,0.0,46,210,"{'max_leaf_nodes': 46, 'n_estimators': 210}",0.03429049630749892,0.03429049630749892,0.0,377
422,9.421282291412354,0.0,0.08274006843566895,0.0,46,220,"{'max_leaf_nodes': 46, 'n_estimators': 220}",0.027977433212459157,0.027977433212459157,0.0,403
423,9.830416917800903,0.0,0.08344841003417969,0.0,46,230,"{'max_leaf_nodes': 46, 'n_estimators': 230}",0.036649207332207334,0.036649207332207334,0.0,365
424,10.24989366531372,0.0,0.08759045600891113,0.0,46,240,"{'max_leaf_nodes': 46, 'n_estimators': 240}",0.031374521929556365,0.031374521929556365,0.0,396
425,10.632018804550171,0.0,0.09025764465332031,0.0,46,250,"{'max_leaf_nodes': 46, 'n_estimators': 250}",0.035880752125774684,0.035880752125774684,0.0,370
426,11.108981847763062,0.0,0.09166383743286133,0.0,46,260,"{'max_leaf_nodes': 46, 'n_estimators': 260}",0.034901691041861915,0.034901691041861915,0.0,375
427,11.359739542007446,0.0,0.07807326316833496,0.0,46,270,"{'max_leaf_nodes': 46, 'n_estimators': 270}",0.03320345569291139,0.03320345569291139,0.0,385
428,11.824273109436035,0.0,0.09318304061889648,0.0,46,280,"{'max_leaf_nodes': 46, 'n_estimators': 280}",0.032424247635300274,0.032424247635300274,0.0,391
429,12.302691221237183,0.0,0.09983348846435547,0.0,46,290,"{'max_leaf_nodes': 46, 'n_estimators': 290}",0.03343183180800291,0.03343183180800291,0.0,382
430,12.761386156082153,0.0,0.10112166404724121,0.0,46,300,"{'max_leaf_nodes': 46, 'n_estimators': 300}",0.0331139060283987,0.0331139060283987,0.0,387
431,12.910903692245483,0.0,0.09116387367248535,0.0,46,310,"{'max_leaf_nodes': 46, 'n_estimators': 310}",0.03245206743250417,0.03245206743250417,0.0,390
432,13.426958560943604,0.0,0.10544776916503906,0.0,46,320,"{'max_leaf_nodes': 46, 'n_estimators': 320}",0.030599038353048558,0.030599038353048558,0.0,398
433,13.85948657989502,0.0,0.10872578620910645,0.0,46,330,"{'max_leaf_nodes': 46, 'n_estimators': 330}",0.03453775828594141,0.03453775828594141,0.0,376
434,14.267852067947388,0.0,0.10884952545166016,0.0,46,340,"{'max_leaf_nodes': 46, 'n_estimators': 340}",0.0340714309577671,0.0340714309577671,0.0,379
435,14.68654203414917,0.0,0.11365318298339844,0.0,46,350,"{'max_leaf_nodes': 46, 'n_estimators': 350}",0.031657992344371055,0.031657992344371055,0.0,394
436,15.097850799560547,0.0,0.11490178108215332,0.0,46,360,"{'max_leaf_nodes': 46, 'n_estimators': 360}",0.03330255631405599,0.03330255631405599,0.0,384
437,15.543790340423584,0.0,0.11644768714904785,0.0,46,370,"{'max_leaf_nodes': 46, 'n_estimators': 370}",0.03568348992804149,0.03568348992804149,0.0,372
438,15.88564157485962,0.0,0.12091827392578125,0.0,46,380,"{'max_leaf_nodes': 46, 'n_estimators': 380}",0.0331238838663529,0.0331238838663529,0.0,386
439,16.324252605438232,0.0,0.11993241310119629,0.0,46,390,"{'max_leaf_nodes': 46, 'n_estimators': 390}",0.03589533454029081,0.03589533454029081,0.0,369
440,16.800847053527832,0.0,0.12406516075134277,0.0,46,400,"{'max_leaf_nodes': 46, 'n_estimators': 400}",0.03607504258646754,0.03607504258646754,0.0,367
441,17.149095058441162,0.0,0.12691330909729004,0.0,46,410,"{'max_leaf_nodes': 46, 'n_estimators': 410}",0.03018417843329102,0.03018417843329102,0.0,401
442,17.42013716697693,0.0,0.1263136863708496,0.0,46,420,"{'max_leaf_nodes': 46, 'n_estimators': 420}",0.030386286976933796,0.030386286976933796,0.0,400
443,17.95945382118225,0.0,0.1294875144958496,0.0,46,430,"{'max_leaf_nodes': 46, 'n_estimators': 430}",0.03340569048306996,0.03340569048306996,0.0,383
444,18.40812659263611,0.0,0.1316378116607666,0.0,46,440,"{'max_leaf_nodes': 46, 'n_estimators': 440}",0.03262717470843712,0.03262717470843712,0.0,388
445,18.759620904922485,0.0,0.1347973346710205,0.0,46,450,"{'max_leaf_nodes': 46, 'n_estimators': 450}",0.03578334704645758,0.03578334704645758,0.0,371
446,19.22080135345459,0.0,0.13727140426635742,0.0,46,460,"{'max_leaf_nodes': 46, 'n_estimators': 460}",0.0339153400352703,0.0339153400352703,0.0,380
447,19.529844760894775,0.0,0.14027810096740723,0.0,46,470,"{'max_leaf_nodes': 46, 'n_estimators': 470}",0.0322639059114076,0.0322639059114076,0.0,392
448,19.963746786117554,0.0,0.14352107048034668,0.0,46,480,"{'max_leaf_nodes': 46, 'n_estimators': 480}",0.025230928969274813,0.025230928969274813,0.0,405
449,20.449724674224854,0.0,0.14113211631774902,0.0,46,490,"{'max_leaf_nodes': 46, 'n_estimators': 490}",0.035089243881915366,0.035089243881915366,0.0,374
