,mean_fit_time,std_fit_time,mean_score_time,std_score_time,param_learning_rate,param_max_depth,param_max_features,param_n_estimators,params,split0_test_score,split1_test_score,split2_test_score,split3_test_score,split4_test_score,mean_test_score,std_test_score,rank_test_score
0,28.537780904769896,0.22493597536035745,0.3233014106750488,0.011906484422986531,0.001,3,200,600,"{'learning_rate': 0.001, 'max_depth': 3, 'max_features': 200, 'n_estimators': 600}",-0.07570260088041429,-0.05974365526610299,-0.057159909120645884,-0.060468819011842125,-0.056965011929291653,-0.062007999241659395,0.006985329517178958,225
1,37.679085636138915,0.1902471088409841,0.35483717918395996,0.019129167348159462,0.001,3,200,800,"{'learning_rate': 0.001, 'max_depth': 3, 'max_features': 200, 'n_estimators': 800}",-0.07257216329760202,-0.05684106483507623,-0.054574665251982825,-0.06008218144416915,-0.055158214736052556,-0.05984565791297656,0.006645343473720775,219
2,46.882613039016725,0.42941100564521734,0.3896810054779053,0.026885830756676676,0.001,3,200,1000,"{'learning_rate': 0.001, 'max_depth': 3, 'max_features': 200, 'n_estimators': 1000}",-0.07022989695823058,-0.05469997382382343,-0.05282413860882002,-0.059899222395562855,-0.05374394770032985,-0.05827943589735335,0.006458803268327382,207
3,39.468458366394046,0.25690112658171227,0.30382161140441893,0.01712377267113599,0.001,3,300,600,"{'learning_rate': 0.001, 'max_depth': 3, 'max_features': 300, 'n_estimators': 600}",-0.0750433063057234,-0.05904445401099258,-0.0565918780095738,-0.060417769132779665,-0.056620907437038355,-0.06154366297922156,0.006906630855588307,224
4,52.71061744689941,0.7576878246057103,0.3415502071380615,0.03069867746737807,0.001,3,300,800,"{'learning_rate': 0.001, 'max_depth': 3, 'max_features': 300, 'n_estimators': 800}",-0.0720590093533863,-0.05629535213221257,-0.05409206554686322,-0.06013616884683867,-0.05484915316843608,-0.05948634980954737,0.006622362031152361,215
5,66.98635835647583,3.6790656115392206,0.3635113716125488,0.027400273699543627,0.001,3,300,1000,"{'learning_rate': 0.001, 'max_depth': 3, 'max_features': 300, 'n_estimators': 1000}",-0.06974559456099207,-0.05424517914091657,-0.0523417127172494,-0.06009969519658069,-0.05354617867173163,-0.05799567205749408,0.0064547507610503785,202
6,49.42612519264221,0.36975610721566954,0.2913662910461426,0.016693512523617084,0.001,3,400,600,"{'learning_rate': 0.001, 'max_depth': 3, 'max_features': 400, 'n_estimators': 600}",-0.07480928383385282,-0.05887587301471689,-0.05637771833562237,-0.0605347563471761,-0.056592037861713365,-0.061437933878616305,0.0068594660826804925,223
7,65.73817610740662,0.3880426791377399,0.32249960899353025,0.019186294859971215,0.001,3,400,800,"{'learning_rate': 0.001, 'max_depth': 3, 'max_features': 400, 'n_estimators': 800}",-0.0719171140157236,-0.05616751898946491,-0.05398429974871505,-0.06026972928224219,-0.05484212341632024,-0.0594361570904932,0.006602742116398959,214
8,81.95644612312317,0.5766461385783744,0.35609960556030273,0.027630051494934582,0.001,3,400,1000,"{'learning_rate': 0.001, 'max_depth': 3, 'max_features': 400, 'n_estimators': 1000}",-0.06971784798016174,-0.054188822503716615,-0.052309072933119906,-0.06025585627866494,-0.05355230709540743,-0.05800478135821413,0.006466690521302674,203
9,36.30136666297913,0.09206572845006142,0.3475369453430176,0.016639748427156556,0.001,4,200,600,"{'learning_rate': 0.001, 'max_depth': 4, 'max_features': 200, 'n_estimators': 600}",-0.07392939864625157,-0.058333666024780795,-0.05580378408164277,-0.06009069862439961,-0.05590614864532336,-0.060812739204479625,0.006750972725153087,222
10,48.364949750900266,0.34649949498952354,0.3980921745300293,0.016049434067451136,0.001,4,200,800,"{'learning_rate': 0.001, 'max_depth': 4, 'max_features': 200, 'n_estimators': 800}",-0.07071008051754002,-0.055234474859487535,-0.05303846203607458,-0.05977552293514853,-0.05396612682356427,-0.05854493343436299,0.006507702932525469,210
11,60.08353276252747,0.31020890658893624,0.453446626663208,0.02952434354479683,0.001,4,200,1000,"{'learning_rate': 0.001, 'max_depth': 4, 'max_features': 200, 'n_estimators': 1000}",-0.0680145788327381,-0.05296259409179873,-0.05108123994189507,-0.059685526668793794,-0.05250854911422902,-0.05685049772989094,0.0063233969329760725,198
12,50.08623976707459,0.2900314096543523,0.33342504501342773,0.0169171638495322,0.001,4,300,600,"{'learning_rate': 0.001, 'max_depth': 4, 'max_features': 300, 'n_estimators': 600}",-0.07365735918446766,-0.05791957692931116,-0.05546827225688411,-0.0601213358667888,-0.055750714759475545,-0.06058345179938546,0.006749181340299301,220
13,66.23092689514161,0.33680410719153736,0.3820635318756104,0.020176136198307423,0.001,4,300,800,"{'learning_rate': 0.001, 'max_depth': 4, 'max_features': 300, 'n_estimators': 800}",-0.07032891271103185,-0.05493411387636026,-0.05279364420008983,-0.05987387983772106,-0.05384306572217912,-0.05835472326947642,0.00646018997122263,208
14,82.72981762886047,0.6194821790187097,0.4375216007232666,0.019352308250100092,0.001,4,300,1000,"{'learning_rate': 0.001, 'max_depth': 4, 'max_features': 300, 'n_estimators': 1000}",-0.06769988724296443,-0.052717073501227014,-0.050868626261444935,-0.05977608538975225,-0.05239413662656073,-0.05669116180438988,0.006306639559678896,196
15,62.21975584030152,0.5174209571991609,0.3241409778594971,0.01464148753404493,0.001,4,400,600,"{'learning_rate': 0.001, 'max_depth': 4, 'max_features': 400, 'n_estimators': 600}",-0.0735978652751493,-0.05790257268326412,-0.055460008083273636,-0.0602322285464175,-0.0557449743419821,-0.060587529786017336,0.006728237290626957,221
16,83.19735703468322,0.7241268733645935,0.36797327995300294,0.022298838983644792,0.001,4,400,800,"{'learning_rate': 0.001, 'max_depth': 4, 'max_features': 400, 'n_estimators': 800}",-0.07038377913311583,-0.05490190613749793,-0.05285889423333796,-0.05996633350539217,-0.053833840125356636,-0.058388950626940106,0.006478488748268451,209
17,103.37621994018555,0.7107440618742774,0.4218327045440674,0.032182761858953565,0.001,4,400,1000,"{'learning_rate': 0.001, 'max_depth': 4, 'max_features': 400, 'n_estimators': 1000}",-0.06787511414514447,-0.052710466561698054,-0.05098168010001546,-0.059892924364680605,-0.0524153818586731,-0.05677511340604234,0.006356465121238669,197
18,43.851282835006714,0.35710042275441106,0.3826186180114746,0.02127167006258545,0.001,5,200,600,"{'learning_rate': 0.001, 'max_depth': 5, 'max_features': 200, 'n_estimators': 600}",-0.0726330456158331,-0.05714309454204495,-0.05460104924239737,-0.05969912376188743,-0.05501864387545275,-0.05981899140752313,0.0066580032203041786,218
19,58.39535346031189,0.3213682042546129,0.4499393939971924,0.029016458468090728,0.001,5,200,800,"{'learning_rate': 0.001, 'max_depth': 5, 'max_features': 200, 'n_estimators': 800}",-0.06899249227397837,-0.053891676842874166,-0.05177633372640958,-0.05939792864976933,-0.05296451406009775,-0.05740458911062585,0.0063558631194630035,201
20,72.62986526489257,0.445709830699215,0.5258596897125244,0.021703179335665054,0.001,5,200,1000,"{'learning_rate': 0.001, 'max_depth': 5, 'max_features': 200, 'n_estimators': 1000}",-0.06622141631834223,-0.05152243591620552,-0.049652765944836245,-0.05929077815435164,-0.05139607099824301,-0.05561669346639573,0.006262652400528839,191
21,59.695232629776,0.5158275910888255,0.369974946975708,0.017395770477097384,0.001,5,300,600,"{'learning_rate': 0.001, 'max_depth': 5, 'max_features': 300, 'n_estimators': 600}",-0.07230847640190383,-0.0568789224912936,-0.05446686683924035,-0.05971982790729098,-0.05491506609231314,-0.05965783194640837,0.006590977667825276,217
22,79.51382594108581,0.5742834954139779,0.43168039321899415,0.01972768340927236,0.001,5,300,800,"{'learning_rate': 0.001, 'max_depth': 5, 'max_features': 300, 'n_estimators': 800}",-0.06876279735593054,-0.05368213394880845,-0.05162704145570862,-0.059432203299265275,-0.052846203524382566,-0.05727007591681908,0.006341060689420815,199
23,99.9630982875824,0.6723162942623626,0.5028587341308594,0.019928268249027145,0.001,5,300,1000,"{'learning_rate': 0.001, 'max_depth': 5, 'max_features': 300, 'n_estimators': 1000}",-0.06617581766499163,-0.05129917862525906,-0.049528273164755325,-0.05935335275025324,-0.051320206318073776,-0.055535365704666606,0.006318136646344882,188
24,74.38918056488038,0.4739887459637506,0.3619332790374756,0.014421020758842516,0.001,5,400,600,"{'learning_rate': 0.001, 'max_depth': 5, 'max_features': 400, 'n_estimators': 600}",-0.07229495053925274,-0.05690842344256177,-0.054424590052960665,-0.05975891998430461,-0.05487439862269551,-0.059652256528355055,0.006595970465266698,216
25,99.82370882034301,0.3343859807399795,0.4273811340332031,0.021535555457677026,0.001,5,400,800,"{'learning_rate': 0.001, 'max_depth': 5, 'max_features': 400, 'n_estimators': 800}",-0.06898319929696624,-0.0537492093244656,-0.051728646314740015,-0.05946286640130205,-0.052849204129586075,-0.05735462509341201,0.0063971540166886404,200
26,123.80075817108154,1.4193164434999566,0.49853878021240233,0.03121525922995662,0.001,5,400,1000,"{'learning_rate': 0.001, 'max_depth': 5, 'max_features': 400, 'n_estimators': 1000}",-0.06636329095975853,-0.05138677517706142,-0.049709245263076504,-0.0594516959799252,-0.0513201675748574,-0.05564623499093581,0.006347322682844664,192
27,51.088944053649904,0.17835436135244445,0.41465001106262206,0.02428269392794531,0.001,6,200,600,"{'learning_rate': 0.001, 'max_depth': 6, 'max_features': 200, 'n_estimators': 600}",-0.07143407395452228,-0.0561804859537191,-0.053625697415463934,-0.05939412455475917,-0.054265498915597725,-0.05897997615881244,0.006542290313730301,213
28,67.78491649627685,0.3717630408199829,0.496306324005127,0.02794206542496146,0.001,6,200,800,"{'learning_rate': 0.001, 'max_depth': 6, 'max_features': 200, 'n_estimators': 800}",-0.0676964960293831,-0.05282050914267814,-0.05060012813467555,-0.058962007997085085,-0.0520515248181729,-0.056426133224398954,0.006317148053523961,195
29,84.88977608680725,0.4055060861168043,0.5643559455871582,0.036698074755896315,0.001,6,200,1000,"{'learning_rate': 0.001, 'max_depth': 6, 'max_features': 200, 'n_estimators': 1000}",-0.064822107461404,-0.05029955634997737,-0.048440732337108584,-0.05881203500525103,-0.05044778788024693,-0.05456444380679758,0.006259355523393128,185
30,68.96613903045655,0.6956870548602524,0.4159257411956787,0.019494490166451585,0.001,6,300,600,"{'learning_rate': 0.001, 'max_depth': 6, 'max_features': 300, 'n_estimators': 600}",-0.07130702236249013,-0.05599782973164737,-0.053500860892278505,-0.05932966298189052,-0.054091956528357035,-0.05884546649933271,0.0065543042661156395,211
31,91.70467410087585,0.1873206243956046,0.49421029090881347,0.042857410770084654,0.001,6,300,800,"{'learning_rate': 0.001, 'max_depth': 6, 'max_features': 300, 'n_estimators': 800}",-0.06756809977920566,-0.05265876335147489,-0.05047810529691866,-0.05896708036233946,-0.05194519722916657,-0.056323449203821055,0.006327685365197922,193
32,114.89434328079224,0.686100953438281,0.550039005279541,0.03856240631206227,0.001,6,300,1000,"{'learning_rate': 0.001, 'max_depth': 6, 'max_features': 300, 'n_estimators': 1000}",-0.0649051151934802,-0.050122031055919045,-0.048293494285137864,-0.058862128982943726,-0.050362137692543836,-0.05450898144200493,0.006357726289505516,184
33,87.24977507591248,0.6723756657835045,0.4061957836151123,0.030738111247465002,0.001,6,400,600,"{'learning_rate': 0.001, 'max_depth': 6, 'max_features': 400, 'n_estimators': 600}",-0.07136926213462813,-0.05611959523045229,-0.053462132543073,-0.059341338929975805,-0.05403200002451325,-0.058864865772528495,0.006582850189491652,212
34,115.5587857723236,2.603003836812765,0.46274576187133787,0.027864418288512674,0.001,6,400,800,"{'learning_rate': 0.001, 'max_depth': 6, 'max_features': 400, 'n_estimators': 800}",-0.06784393515002415,-0.052744876368386616,-0.05054625571127329,-0.05902530557317449,-0.051878244946263204,-0.05640772354982435,0.006417602395452112,194
35,144.46311893463135,1.9863450111259133,0.5361427783966064,0.03688850300975094,0.001,6,400,1000,"{'learning_rate': 0.001, 'max_depth': 6, 'max_features': 400, 'n_estimators': 1000}",-0.06517402387615921,-0.050262478970844245,-0.048439773559633886,-0.058916611812263826,-0.05033239268633019,-0.05462505618104627,0.006409601080706346,186
36,57.83022561073303,0.2020331579201713,0.4511812686920166,0.02895254949586401,0.001,7,200,600,"{'learning_rate': 0.001, 'max_depth': 7, 'max_features': 200, 'n_estimators': 600}",-0.07052529567018379,-0.055319596831357815,-0.05276963292316629,-0.058930588428950645,-0.05343442669405976,-0.05819590810954367,0.006525992446049931,206
37,76.43953094482421,0.5791001139648484,0.5213431358337403,0.04488873313788581,0.001,7,200,800,"{'learning_rate': 0.001, 'max_depth': 7, 'max_features': 200, 'n_estimators': 800}",-0.0667210488215487,-0.05184121289950576,-0.049587576846390556,-0.05849654720814987,-0.05119245842632391,-0.05556776884038376,0.006352427154255975,189
38,95.42159032821655,1.1146172739082976,0.6447536945343018,0.10227836869770564,0.001,7,200,1000,"{'learning_rate': 0.001, 'max_depth': 7, 'max_features': 200, 'n_estimators': 1000}",-0.06400619971623595,-0.049245064424458806,-0.047375141900800756,-0.058313629679566895,-0.049597567576649834,-0.05370752065954245,0.006390356505781288,182
39,77.74225540161133,1.6292379923423435,0.43700366020202636,0.03947685247504506,0.001,7,300,600,"{'learning_rate': 0.001, 'max_depth': 7, 'max_features': 300, 'n_estimators': 600}",-0.07042354372439724,-0.055338871733664495,-0.05257255262159196,-0.05892227465316732,-0.053305467174453426,-0.05811254198145489,0.006537723271374346,204
40,103.79279260635376,1.498121750919891,0.5035858631134034,0.04419685924344565,0.001,7,300,800,"{'learning_rate': 0.001, 'max_depth': 7, 'max_features': 300, 'n_estimators': 800}",-0.0666877323080961,-0.05173241844919624,-0.04951768338846702,-0.05853573321879009,-0.051075898529171535,-0.0555098931787442,0.0063864856941062914,187
41,128.81011691093445,1.4439737116379059,0.5845830917358399,0.035668035353159426,0.001,7,300,1000,"{'learning_rate': 0.001, 'max_depth': 7, 'max_features': 300, 'n_estimators': 1000}",-0.06394622603671792,-0.04916044958208952,-0.04728526861703654,-0.05842310628468418,-0.049470895117614475,-0.05365718912762853,0.006433122755497798,181
42,96.58824687004089,1.3569628218624687,0.41649503707885743,0.022997995218077515,0.001,7,400,600,"{'learning_rate': 0.001, 'max_depth': 7, 'max_features': 400, 'n_estimators': 600}",-0.07051992316027003,-0.05535143578117278,-0.05260308107636862,-0.058922031511099295,-0.053257481809921785,-0.058130790667766497,0.006574894556194449,205
43,129.86513872146605,1.3238410972249732,0.4947840690612793,0.027533429719214655,0.001,7,400,800,"{'learning_rate': 0.001, 'max_depth': 7, 'max_features': 400, 'n_estimators': 800}",-0.06684895242743075,-0.05190415423110886,-0.04953813004113818,-0.05864036484756385,-0.05103129267229095,-0.05559257884390652,0.006435232765719629,190
44,160.32248349189757,2.4743193142148163,0.5442462921142578,0.04649527086877338,0.001,7,400,1000,"{'learning_rate': 0.001, 'max_depth': 7, 'max_features': 400, 'n_estimators': 1000}",-0.06414561399885801,-0.049328910381366824,-0.04741023070654507,-0.05848439175763454,-0.04943009759669079,-0.05375984888821905,0.0064634825846342555,183
45,26.759650325775148,0.3224789720129201,0.3902846336364746,0.015024994157132526,0.07575,3,200,600,"{'learning_rate': 0.07575, 'max_depth': 3, 'max_features': 200, 'n_estimators': 600}",-0.05179377991073009,-0.039693822945335036,-0.03981215907718407,-0.056492848753202436,-0.041974549764811624,-0.04595343209025265,0.00689809265938501,75
46,35.31797904968262,0.3812887493812339,0.4456925392150879,0.013167552216627012,0.07575,3,200,800,"{'learning_rate': 0.07575, 'max_depth': 3, 'max_features': 200, 'n_estimators': 800}",-0.051128459871727656,-0.03940533124500437,-0.03976404140807289,-0.05639866394066385,-0.04218046532752241,-0.04577539235859823,0.0067992168682357345,66
47,43.98965201377869,0.5925921692148546,0.514630937576294,0.024532715764987736,0.07575,3,200,1000,"{'learning_rate': 0.07575, 'max_depth': 3, 'max_features': 200, 'n_estimators': 1000}",-0.051437591906234294,-0.039263384135085705,-0.03967501250973794,-0.05653653252410824,-0.04211680161713229,-0.04580586453845969,0.006940665245166217,67
48,37.537949323654175,0.3503957468593948,0.3835294723510742,0.009153702657526746,0.07575,3,300,600,"{'learning_rate': 0.07575, 'max_depth': 3, 'max_features': 300, 'n_estimators': 600}",-0.05162469544036203,-0.03964315604367133,-0.03988561276561139,-0.056451166604669104,-0.042296258050179905,-0.045980177780898746,0.006817257782445278,77
49,49.904742050170896,0.3676822980982586,0.4602867603302002,0.018113834118183535,0.07575,3,300,800,"{'learning_rate': 0.07575, 'max_depth': 3, 'max_features': 300, 'n_estimators': 800}",-0.05093841002355216,-0.039318573868964986,-0.03939956156457014,-0.056443710020745747,-0.04196225172599475,-0.04561250144076555,0.006887943825260357,48
50,61.54721369743347,0.7267791658662964,0.48795337677001954,0.02239959021066689,0.07575,3,300,1000,"{'learning_rate': 0.07575, 'max_depth': 3, 'max_features': 300, 'n_estimators': 1000}",-0.051110325104375326,-0.0389667352511756,-0.03947412446982933,-0.056294739961090884,-0.04203899988603401,-0.04557698493450103,0.006912970001032402,44
51,48.214806175231935,0.6440372188365602,0.3862706184387207,0.007983525207438814,0.07575,3,400,600,"{'learning_rate': 0.07575, 'max_depth': 3, 'max_features': 400, 'n_estimators': 600}",-0.05159010150820691,-0.03928825402098066,-0.03963036738870442,-0.05711439351753914,-0.04213078376694201,-0.045950780040474634,0.007146432019695097,74
52,63.50953664779663,0.947843904421109,0.4348580837249756,0.019167771721661616,0.07575,3,400,800,"{'learning_rate': 0.07575, 'max_depth': 3, 'max_features': 400, 'n_estimators': 800}",-0.050922934031632464,-0.03912555358458613,-0.03944789607083965,-0.056647939440622616,-0.04223061473477222,-0.04567498757249062,0.006949562189309848,53
53,79.01631608009339,1.189173806611496,0.497179651260376,0.02739406419371496,0.07575,3,400,1000,"{'learning_rate': 0.07575, 'max_depth': 3, 'max_features': 400, 'n_estimators': 1000}",-0.05096915905814465,-0.039033281949099455,-0.03955389701708693,-0.05596232310049505,-0.042003186456332456,-0.0455043695162317,0.006764230894809919,39
54,34.306707763671874,0.32920032093828033,0.4386579513549805,0.026037370203404627,0.07575,4,200,600,"{'learning_rate': 0.07575, 'max_depth': 4, 'max_features': 200, 'n_estimators': 600}",-0.05080465326217088,-0.03900832197963679,-0.039340370321446515,-0.05617092043229262,-0.04195518113649233,-0.045455889426407825,0.00685050103952595,36
55,44.932513093948366,0.5437614651958946,0.49334716796875,0.019563412094484516,0.07575,4,200,800,"{'learning_rate': 0.07575, 'max_depth': 4, 'max_features': 200, 'n_estimators': 800}",-0.05055919467493361,-0.038665472582236224,-0.038998475161071564,-0.05592675722408652,-0.0416904193476795,-0.045168063798001486,0.006888473034858073,21
56,56.354259443283084,0.512290359827879,0.574143934249878,0.017165296141473763,0.07575,4,200,1000,"{'learning_rate': 0.07575, 'max_depth': 4, 'max_features': 200, 'n_estimators': 1000}",-0.04993537985713046,-0.03857084566578404,-0.03904989174374747,-0.055747416203034264,-0.04190592748643489,-0.04504189219122623,0.006725581804282442,12
57,47.99328951835632,0.8425486680298357,0.4085403919219971,0.014513006366209573,0.07575,4,300,600,"{'learning_rate': 0.07575, 'max_depth': 4, 'max_features': 300, 'n_estimators': 600}",-0.0508406114904062,-0.03858294883951746,-0.03887166162199123,-0.05603634337753805,-0.04170826853037104,-0.0452079667719648,0.00700382666515037,24
58,63.862898921966554,0.6479856244779996,0.48973236083984373,0.02117936900359634,0.07575,4,300,800,"{'learning_rate': 0.07575, 'max_depth': 4, 'max_features': 300, 'n_estimators': 800}",-0.05088095118325231,-0.03864282567798799,-0.03884103201235074,-0.05554060091508448,-0.04178125068235462,-0.04513733209420603,0.0068454722722915366,19
59,80.02403950691223,1.055917124545778,0.581242847442627,0.029612816756837024,0.07575,4,300,1000,"{'learning_rate': 0.07575, 'max_depth': 4, 'max_features': 300, 'n_estimators': 1000}",-0.04994522961566797,-0.03837282169493083,-0.03856281920502474,-0.056039266470627555,-0.04191193344392216,-0.04496641408603465,0.006945617381086596,7
60,61.93442678451538,0.7319101546011032,0.4210192680358887,0.01912314783270156,0.07575,4,400,600,"{'learning_rate': 0.07575, 'max_depth': 4, 'max_features': 400, 'n_estimators': 600}",-0.05059615952843701,-0.0389977729644933,-0.038873180008266735,-0.056115882394047564,-0.04174920868526929,-0.04526644071610278,0.006908794198104684,27
61,82.04233541488648,1.2380205530683739,0.4839019775390625,0.016941682427332613,0.07575,4,400,800,"{'learning_rate': 0.07575, 'max_depth': 4, 'max_features': 400, 'n_estimators': 800}",-0.05051236010211583,-0.038533504234663465,-0.038796506425588774,-0.05583888974270722,-0.04186419471649904,-0.04510909104431486,0.006898410182891749,17
62,103.18913283348084,1.3926423208227476,0.582080602645874,0.027968018997023218,0.07575,4,400,1000,"{'learning_rate': 0.07575, 'max_depth': 4, 'max_features': 400, 'n_estimators': 1000}",-0.050891503297407326,-0.0391083439663945,-0.038918397697611816,-0.055495659158464265,-0.04144360549015064,-0.04517150192200571,0.006768560364215982,22
63,41.67358999252319,0.561759823170143,0.4573678493499756,0.015990353264090762,0.07575,5,200,600,"{'learning_rate': 0.07575, 'max_depth': 5, 'max_features': 200, 'n_estimators': 600}",-0.04981593873190266,-0.03880463790814453,-0.03867489260239218,-0.056325616245734705,-0.04191722322353859,-0.04510766174234253,0.006918061891241387,16
64,54.671075391769406,0.7178336472655318,0.5240192413330078,0.03627856716595782,0.07575,5,200,800,"{'learning_rate': 0.07575, 'max_depth': 5, 'max_features': 200, 'n_estimators': 800}",-0.050117031152673526,-0.038472546714265005,-0.03844486303024905,-0.05655169780118952,-0.04175846442387012,-0.04506892062444944,0.00715104187690199,13
65,68.39531497955322,0.9243268785099636,0.626936388015747,0.03352240682609943,0.07575,5,200,1000,"{'learning_rate': 0.07575, 'max_depth': 5, 'max_features': 200, 'n_estimators': 1000}",-0.05031305229388536,-0.03852541474994101,-0.038415499062626285,-0.05511391088215184,-0.04168591770059628,-0.04481075893784016,0.00673200869508367,1
66,58.66845655441284,0.7436318672890856,0.45388569831848147,0.02392720228279121,0.07575,5,300,600,"{'learning_rate': 0.07575, 'max_depth': 5, 'max_features': 300, 'n_estimators': 600}",-0.050182727962297696,-0.038850721422711954,-0.03866224287831175,-0.05575192396142767,-0.041546998553719364,-0.04499892295569369,0.0068171628049504985,9
67,78.22919378280639,1.1842799171461287,0.5348340511322022,0.0256128487490329,0.07575,5,300,800,"{'learning_rate': 0.07575, 'max_depth': 5, 'max_features': 300, 'n_estimators': 800}",-0.05113116096486936,-0.038392931958442025,-0.03866244516960339,-0.0551295025838944,-0.04176982793578782,-0.0450171737225194,0.006847604597069142,10
68,97.74722509384155,1.4160162890605823,0.6636376857757569,0.06172942310881024,0.07575,5,300,1000,"{'learning_rate': 0.07575, 'max_depth': 5, 'max_features': 300, 'n_estimators': 1000}",-0.05042071859580511,-0.03820714251519549,-0.03854237047603898,-0.05569194220139325,-0.04187064774613895,-0.04494656430691436,0.0069472912515988056,4
69,75.42290477752685,0.8259606560838602,0.45306873321533203,0.025340473804060983,0.07575,5,400,600,"{'learning_rate': 0.07575, 'max_depth': 5, 'max_features': 400, 'n_estimators': 600}",-0.050797452455479467,-0.038675511521542465,-0.038212574033530254,-0.0560605438373804,-0.04167782850700467,-0.04508478207098745,0.007113582418833348,15
70,101.06744642257691,1.9932290512185848,0.541832971572876,0.02586353037112803,0.07575,5,400,800,"{'learning_rate': 0.07575, 'max_depth': 5, 'max_features': 400, 'n_estimators': 800}",-0.05103965002983843,-0.03859198446052378,-0.03850692823330567,-0.055540570863358,-0.041514391263277176,-0.045038704970060614,0.00697059005568384,11
71,125.97733926773071,0.890049110566671,0.6183792114257812,0.024732828175238888,0.07575,5,400,1000,"{'learning_rate': 0.07575, 'max_depth': 5, 'max_features': 400, 'n_estimators': 1000}",-0.050205206364671094,-0.03875351023994198,-0.038615070259341806,-0.055322830734351416,-0.041888046421863084,-0.04495693280403387,0.0066800591455491035,6
72,48.89749164581299,0.6509325400176683,0.4535661220550537,0.02353828799926593,0.07575,6,200,600,"{'learning_rate': 0.07575, 'max_depth': 6, 'max_features': 200, 'n_estimators': 600}",-0.05061703992220538,-0.038354841861023885,-0.0384757968402388,-0.055757040336628455,-0.04151949873052795,-0.0449448435381249,0.0070155126079810125,3
73,64.76732683181763,0.8056223951309108,0.5197654724121094,0.036438939486955306,0.07575,6,200,800,"{'learning_rate': 0.07575, 'max_depth': 6, 'max_features': 200, 'n_estimators': 800}",-0.05124997095411273,-0.03861146711103103,-0.0383513732653367,-0.05558952050103557,-0.04184234045555064,-0.04512893445741333,0.007015773152355099,18
74,80.5340726852417,0.9763544667974119,0.616549015045166,0.023919223985435337,0.07575,6,200,1000,"{'learning_rate': 0.07575, 'max_depth': 6, 'max_features': 200, 'n_estimators': 1000}",-0.05097345378953609,-0.03895250830566018,-0.03823883919027028,-0.0562154950482977,-0.042052381499902515,-0.04528653556673335,0.007099758760822067,30
75,69.4230489730835,1.0060469467480788,0.4603294849395752,0.01609403945023799,0.07575,6,300,600,"{'learning_rate': 0.07575, 'max_depth': 6, 'max_features': 300, 'n_estimators': 600}",-0.0505721454578794,-0.03841959066766061,-0.038019740418678206,-0.05602530254999232,-0.041742822274015344,-0.04495592027364518,0.007144667994437253,5
76,91.87283263206481,1.002724871577875,0.5277626037597656,0.018881846379374068,0.07575,6,300,800,"{'learning_rate': 0.07575, 'max_depth': 6, 'max_features': 300, 'n_estimators': 800}",-0.05054355101959786,-0.03879098935422273,-0.03846477279007347,-0.056109154010715916,-0.04189098759542666,-0.04515989095400733,0.006999191398602464,20
77,115.57162370681763,1.5720698450030952,0.6142168521881104,0.030262162009460403,0.07575,6,300,1000,"{'learning_rate': 0.07575, 'max_depth': 6, 'max_features': 300, 'n_estimators': 1000}",-0.051750810392896925,-0.038963048949618447,-0.03832989057092307,-0.05612960124647807,-0.04215797923433007,-0.045466266078849314,0.007174491820304581,37
78,89.35023617744446,1.2919201288836961,0.4457662105560303,0.014667731087035256,0.07575,6,400,600,"{'learning_rate': 0.07575, 'max_depth': 6, 'max_features': 400, 'n_estimators': 600}",-0.04993311313065962,-0.03853347239363213,-0.03843318705572738,-0.055676756573962385,-0.0414979482158617,-0.04481489547396865,0.0068609153310548775,2
79,119.3170907497406,0.8585360600185917,0.5316291809082031,0.023070925197124063,0.07575,6,400,800,"{'learning_rate': 0.07575, 'max_depth': 6, 'max_features': 400, 'n_estimators': 800}",-0.051609994756213154,-0.03874641840545042,-0.038603756908426635,-0.05571937747251832,-0.04169778431335051,-0.0452754663711918,0.007058916522449517,29
80,151.18791856765748,2.6323247827743765,0.6188919544219971,0.03701161984924656,0.07575,6,400,1000,"{'learning_rate': 0.07575, 'max_depth': 6, 'max_features': 400, 'n_estimators': 1000}",-0.05081938318010378,-0.0391034788062048,-0.03869200833166119,-0.055666713545085685,-0.041932544501294376,-0.04524282567286997,0.006801737737167063,26
81,56.24039182662964,0.7737803084711687,0.47441530227661133,0.010186507133255576,0.07575,7,200,600,"{'learning_rate': 0.07575, 'max_depth': 7, 'max_features': 200, 'n_estimators': 600}",-0.050592831989786355,-0.03843716953458148,-0.03843264588721271,-0.05570720101700647,-0.04171871879345172,-0.04497771344440774,0.0069697794792773415,8
82,75.38893151283264,1.4103000059740411,0.6227449417114258,0.06369420270462961,0.07575,7,200,800,"{'learning_rate': 0.07575, 'max_depth': 7, 'max_features': 200, 'n_estimators': 800}",-0.0511046674698889,-0.03844510554461883,-0.03859331596178431,-0.05613212124026639,-0.04188296044582832,-0.04523163413247735,0.007136539688648168,25
83,93.33763213157654,1.1318895266782298,0.6510108947753906,0.0377908980897507,0.07575,7,200,1000,"{'learning_rate': 0.07575, 'max_depth': 7, 'max_features': 200, 'n_estimators': 1000}",-0.051936568464819054,-0.03930015876057919,-0.03877441301724089,-0.0557877534655153,-0.04207881772322822,-0.045575542286276534,0.006965842255061837,43
84,80.00133695602418,1.252284584881954,0.4715866565704346,0.008838886903653266,0.07575,7,300,600,"{'learning_rate': 0.07575, 'max_depth': 7, 'max_features': 300, 'n_estimators': 600}",-0.051546646465752986,-0.03863318111801901,-0.03832681584895521,-0.055358347638879736,-0.04148887618831696,-0.04507077345198478,0.007035974149449171,14
85,106.69521474838257,0.667681378259111,0.5582304477691651,0.034774540357506975,0.07575,7,300,800,"{'learning_rate': 0.07575, 'max_depth': 7, 'max_features': 300, 'n_estimators': 800}",-0.05102865829465544,-0.03912227727063019,-0.038589825319379475,-0.05662802119689523,-0.042091624394683606,-0.045492081295248794,0.007133603442363649,38
86,132.62936663627625,1.9821294513437626,0.648405933380127,0.03201428814373016,0.07575,7,300,1000,"{'learning_rate': 0.07575, 'max_depth': 7, 'max_features': 300, 'n_estimators': 1000}",-0.051849382158894154,-0.039561488646548404,-0.0387602362322926,-0.0563793261799006,-0.04228265830781855,-0.045766618305090864,0.007062019337684235,61
87,103.17066388130188,0.840103753705493,0.4725862979888916,0.019094320654890497,0.07575,7,400,600,"{'learning_rate': 0.07575, 'max_depth': 7, 'max_features': 400, 'n_estimators': 600}",-0.05163653294717662,-0.03884345410859329,-0.03831953552990028,-0.05599472251592027,-0.041744390816717436,-0.04530772718366158,0.0071775297514779955,31
88,138.43774738311768,2.1689882791046355,0.5550743103027344,0.023781955073024066,0.07575,7,400,800,"{'learning_rate': 0.07575, 'max_depth': 7, 'max_features': 400, 'n_estimators': 800}",-0.051407566119971576,-0.03914358746487303,-0.038406338378641824,-0.05593340602608468,-0.042164270423392214,-0.045411033682592666,0.0070080929083755185,33
89,171.9467388153076,0.765220711436727,0.6632115364074707,0.021572195128201185,0.07575,7,400,1000,"{'learning_rate': 0.07575, 'max_depth': 7, 'max_features': 400, 'n_estimators': 1000}",-0.05173852051619307,-0.03962065246850699,-0.03856903304352032,-0.05659489191435879,-0.042015723741313564,-0.04570776433677855,0.007163032124998642,57
90,26.525330829620362,0.3808239529320094,0.37985687255859374,0.013765982763373326,0.1505,3,200,600,"{'learning_rate': 0.1505, 'max_depth': 3, 'max_features': 200, 'n_estimators': 600}",-0.051931259371500844,-0.0389543874721978,-0.03935009049883784,-0.05627650648769444,-0.042327067837377566,-0.0457678623335217,0.007040871633248952,62
91,35.90406584739685,1.2524122470463637,0.44089655876159667,0.013618116158328098,0.1505,3,200,800,"{'learning_rate': 0.1505, 'max_depth': 3, 'max_features': 200, 'n_estimators': 800}",-0.050871746686720364,-0.03918083579496425,-0.039303756867460696,-0.05564214435296291,-0.04275258317482698,-0.04555021337538704,0.00659666145934865,41
92,43.56327610015869,0.7825497033096297,0.4833021640777588,0.020458101006913976,0.1505,3,200,1000,"{'learning_rate': 0.1505, 'max_depth': 3, 'max_features': 200, 'n_estimators': 1000}",-0.051551442144123584,-0.03918284127418032,-0.03914555704668316,-0.05585955422697379,-0.0426624252853091,-0.045680363995454,0.006813441565414881,55
93,37.569134378433226,0.5196943257167873,0.38179306983947753,0.009383748405250348,0.1505,3,300,600,"{'learning_rate': 0.1505, 'max_depth': 3, 'max_features': 300, 'n_estimators': 600}",-0.05055525743932217,-0.03943904281593118,-0.03958363578734602,-0.05667865132458195,-0.042611118307149275,-0.04577354113486612,0.00678569015460118,65
94,49.61370778083801,0.2875057192690924,0.4475428581237793,0.00479935953383335,0.1505,3,300,800,"{'learning_rate': 0.1505, 'max_depth': 3, 'max_features': 300, 'n_estimators': 800}",-0.051612790012427925,-0.039154396721947864,-0.039151902048063736,-0.05590685646922561,-0.042458470021348844,-0.04565688305460279,0.006860929019073599,50
95,61.41111536026001,0.8036678911869015,0.4836925506591797,0.024886301354274668,0.1505,3,300,1000,"{'learning_rate': 0.1505, 'max_depth': 3, 'max_features': 300, 'n_estimators': 1000}",-0.05033832068461636,-0.03961357743101462,-0.039364638504144185,-0.05636450579307743,-0.04230722080328708,-0.04559765264322794,0.006691571165665146,47
96,47.93272180557251,0.5823304569179139,0.3814256191253662,0.006414948599069799,0.1505,3,400,600,"{'learning_rate': 0.1505, 'max_depth': 3, 'max_features': 400, 'n_estimators': 600}",-0.051395041203781806,-0.03937970051277642,-0.039499059505396596,-0.05623216324961802,-0.042360041491578466,-0.04577320119263026,0.006824754009049013,64
97,63.44257535934448,0.5754490887559756,0.43660264015197753,0.01133738820847202,0.1505,3,400,800,"{'learning_rate': 0.1505, 'max_depth': 3, 'max_features': 400, 'n_estimators': 800}",-0.0511341220235217,-0.03933103505381582,-0.03915257028631325,-0.05614016141650507,-0.04208733429666649,-0.045569044615364464,0.006854557751318648,42
98,79.31770277023315,1.084583541624788,0.4987520694732666,0.02337080446661435,0.1505,3,400,1000,"{'learning_rate': 0.1505, 'max_depth': 3, 'max_features': 400, 'n_estimators': 1000}",-0.050744824762713636,-0.03929296381655287,-0.038965333761714356,-0.055463212469810765,-0.042537437241900795,-0.04540075441053848,0.006583775211823648,32
99,34.16247925758362,0.2536040123110045,0.42562665939331057,0.012971224986813279,0.1505,4,200,600,"{'learning_rate': 0.1505, 'max_depth': 4, 'max_features': 200, 'n_estimators': 600}",-0.05105658599342022,-0.03904871231440764,-0.039205338278559154,-0.055795140325506976,-0.0420889577860938,-0.04543894693959756,0.006778259552686509,35
100,44.78012299537659,0.5293006127100858,0.4936037540435791,0.019752840871216655,0.1505,4,200,800,"{'learning_rate': 0.1505, 'max_depth': 4, 'max_features': 200, 'n_estimators': 800}",-0.05078207805698626,-0.038880975709802285,-0.03904807073675249,-0.054692485133434665,-0.042492155127988186,-0.045179152952992775,0.006424537678882605,23
101,56.44136619567871,0.5914452035,0.5802724838256836,0.014386091571379354,0.1505,4,200,1000,"{'learning_rate': 0.1505, 'max_depth': 4, 'max_features': 200, 'n_estimators': 1000}",-0.051503082714480966,-0.03951925636225752,-0.03841980036314946,-0.05639300136908802,-0.04243588048328802,-0.0456542042584528,0.007069129167131971,49
102,48.26690254211426,0.8993236425542623,0.40779881477355956,0.015279705304966532,0.1505,4,300,600,"{'learning_rate': 0.1505, 'max_depth': 4, 'max_features': 300, 'n_estimators': 600}",-0.05108432381614246,-0.03910647826512947,-0.038871133196068254,-0.05584948978444527,-0.042189048023222916,-0.04542009461700167,0.006841726174026063,34
103,63.9847026348114,0.9809089148890371,0.4807567119598389,0.011775522071176854,0.1505,4,300,800,"{'learning_rate': 0.1505, 'max_depth': 4, 'max_features': 300, 'n_estimators': 800}",-0.050834797297810486,-0.03906233264098813,-0.03923723242551975,-0.05592022254473489,-0.04255075747048441,-0.04552106847590753,0.006729082120204711,40
104,79.48097929954528,0.9675512870213789,0.5519060611724853,0.01914204291520493,0.1505,4,300,1000,"{'learning_rate': 0.1505, 'max_depth': 4, 'max_features': 300, 'n_estimators': 1000}",-0.05091846966402899,-0.039147166325354095,-0.03905178117626973,-0.055918910543477085,-0.04292821109785254,-0.04559290776139648,0.006729375468882311,46
105,61.75154557228088,0.8031988468026324,0.41377696990966795,0.009321975565319603,0.1505,4,400,600,"{'learning_rate': 0.1505, 'max_depth': 4, 'max_features': 400, 'n_estimators': 600}",-0.0509770438049888,-0.03877793229516697,-0.03893629536764334,-0.055646589413912526,-0.04203250979402584,-0.04527407413514749,0.006826243097809327,28
106,81.99299168586731,1.108080715760593,0.4810817718505859,0.008223093518025543,0.1505,4,400,800,"{'learning_rate': 0.1505, 'max_depth': 4, 'max_features': 400, 'n_estimators': 800}",-0.05097026829874848,-0.039791349027325104,-0.03904226754829831,-0.05641643998033322,-0.04214022264478591,-0.04567210949989821,0.0068487005618135584,52
107,102.3091151714325,1.1173824212290155,0.5582503318786621,0.02008182383726175,0.1505,4,400,1000,"{'learning_rate': 0.1505, 'max_depth': 4, 'max_features': 400, 'n_estimators': 1000}",-0.05168080138760865,-0.03971416109849161,-0.03899549700101329,-0.056246174118820214,-0.042513664330691744,-0.0458300595873251,0.006896963956944505,69
108,41.274871301651004,0.23686633363310333,0.45361809730529784,0.014708635246202206,0.1505,5,200,600,"{'learning_rate': 0.1505, 'max_depth': 5, 'max_features': 200, 'n_estimators': 600}",-0.05166807263063122,-0.03910895803129828,-0.03848596037648055,-0.05683796312368298,-0.04224442397264733,-0.045669075626948066,0.007308796610776342,51
109,54.775602436065675,0.440207577826168,0.5186674118041992,0.010197333561657765,0.1505,5,200,800,"{'learning_rate': 0.1505, 'max_depth': 5, 'max_features': 200, 'n_estimators': 800}",-0.05193895184533043,-0.039147591092467175,-0.038835734874731166,-0.05596926371367369,-0.042698046328350954,-0.045717917570910684,0.006977744853472575,58
110,68.17442507743836,0.8572602388157113,0.589784049987793,0.01745469576437059,0.1505,5,200,1000,"{'learning_rate': 0.1505, 'max_depth': 5, 'max_features': 200, 'n_estimators': 1000}",-0.05318094378257301,-0.04032368969230138,-0.03906126157660458,-0.055734240605403364,-0.04293963873051328,-0.046247954877479125,0.006866533133734856,86
111,58.5430703163147,0.9013511161765821,0.44545459747314453,0.011644511014922834,0.1505,5,300,600,"{'learning_rate': 0.1505, 'max_depth': 5, 'max_features': 300, 'n_estimators': 600}",-0.051131631580565544,-0.03935383356200238,-0.03888099445757767,-0.05620312921116968,-0.04235914978011927,-0.045585747718286905,0.006894737444923782,45
112,77.83130097389221,1.096892425145466,0.5220084667205811,0.010196246621983256,0.1505,5,300,800,"{'learning_rate': 0.1505, 'max_depth': 5, 'max_features': 300, 'n_estimators': 800}",-0.052228483202000194,-0.03993096208920116,-0.03899301608969957,-0.05607333304760432,-0.04264238613631577,-0.0459736361129642,0.00689154818531199,76
113,97.12042121887207,1.0732357677313467,0.6340245246887207,0.026944181789217873,0.1505,5,300,1000,"{'learning_rate': 0.1505, 'max_depth': 5, 'max_features': 300, 'n_estimators': 1000}",-0.052306485500148624,-0.040651502996717145,-0.03928797226313665,-0.057415886890489376,-0.042558459993544906,-0.04644406152880734,0.007135968242695283,94
114,75.90337405204772,1.0073829448001481,0.4548203945159912,0.022540925687714843,0.1505,5,400,600,"{'learning_rate': 0.1505, 'max_depth': 5, 'max_features': 400, 'n_estimators': 600}",-0.05162041771095219,-0.039443867685753316,-0.03896972129067647,-0.056306035326101324,-0.04250207399971524,-0.045768423202639706,0.006959576083055643,63
115,100.34220719337463,1.1430189472262855,0.5121640205383301,0.0101790788772015,0.1505,5,400,800,"{'learning_rate': 0.1505, 'max_depth': 5, 'max_features': 400, 'n_estimators': 800}",-0.05346428883947469,-0.04040889069414905,-0.03909710803398235,-0.055742796542824345,-0.04263741752348094,-0.046270100326782276,0.006935276535181768,87
116,126.52880091667176,0.9075819995975329,0.6672261714935303,0.0332209392692069,0.1505,5,400,1000,"{'learning_rate': 0.1505, 'max_depth': 5, 'max_features': 400, 'n_estimators': 1000}",-0.05261710689318184,-0.03996669262935583,-0.03935370635239841,-0.05709302599835633,-0.04259637657804132,-0.046325381690266745,0.007189862762132863,89
117,48.56943588256836,0.5461187628705494,0.44734654426574705,0.014421435431508395,0.1505,6,200,600,"{'learning_rate': 0.1505, 'max_depth': 6, 'max_features': 200, 'n_estimators': 600}",-0.052338518831527396,-0.03988581697912976,-0.0387420186755491,-0.057440630050608975,-0.04243386505739568,-0.046168169918842185,0.007398679296633246,84
118,64.26857824325562,0.33082679926913966,0.5518984794616699,0.05030080425227855,0.1505,6,200,800,"{'learning_rate': 0.1505, 'max_depth': 6, 'max_features': 200, 'n_estimators': 800}",-0.05325487477204565,-0.040329391302507095,-0.039257479761216754,-0.05777421084253603,-0.04279554606797517,-0.046682300549256144,0.0074407457408237595,100
119,80.68199653625489,1.337515276014381,0.6073230743408203,0.020196164586395254,0.1505,6,200,1000,"{'learning_rate': 0.1505, 'max_depth': 6, 'max_features': 200, 'n_estimators': 1000}",-0.05460989853755598,-0.041597609508795375,-0.03989116532114009,-0.057622092807494966,-0.04307786941577597,-0.04735972711815248,0.007282813401368822,115
120,69.08044738769532,0.9407485285156764,0.44972381591796873,0.01239484653446595,0.1505,6,300,600,"{'learning_rate': 0.1505, 'max_depth': 6, 'max_features': 300, 'n_estimators': 600}",-0.05169173747402578,-0.039983215613512584,-0.038897478778856485,-0.05730887905696357,-0.042678382848096406,-0.04611193875429097,0.00718198596669181,81
121,92.60878973007202,0.7365609320096084,0.5644308567047119,0.05571449642460457,0.1505,6,300,800,"{'learning_rate': 0.1505, 'max_depth': 6, 'max_features': 300, 'n_estimators': 800}",-0.05352835761370708,-0.04049912558109032,-0.03953468719660761,-0.057566946559130264,-0.04333770644250857,-0.04689336467860876,0.0072887257435205076,107
122,114.73178596496582,2.026462021341665,0.6122655868530273,0.02805354384048347,0.1505,6,300,1000,"{'learning_rate': 0.1505, 'max_depth': 6, 'max_features': 300, 'n_estimators': 1000}",-0.05491118231905909,-0.041218009630165524,-0.04031585736158771,-0.05820721366343344,-0.043454920649721965,-0.04762143672479354,0.007442234729110595,122
123,89.71462621688843,1.4830118697800208,0.44385733604431155,0.01243628556422857,0.1505,6,400,600,"{'learning_rate': 0.1505, 'max_depth': 6, 'max_features': 400, 'n_estimators': 600}",-0.05265154424162489,-0.03997932499457853,-0.039653449644592074,-0.056457136196483924,-0.042693918893988714,-0.04628707479425363,0.006937435834035351,88
124,119.7722825050354,1.1243457682656175,0.5655959606170654,0.05978934678181793,0.1505,6,400,800,"{'learning_rate': 0.1505, 'max_depth': 6, 'max_features': 400, 'n_estimators': 800}",-0.053397622279429936,-0.040453079392674056,-0.039484541895696085,-0.05720338013103766,-0.04362446701621823,-0.04683261814301119,0.007150342039080962,106
125,149.90792775154114,1.434459920967183,0.6283709049224854,0.024383603677231996,0.1505,6,400,1000,"{'learning_rate': 0.1505, 'max_depth': 6, 'max_features': 400, 'n_estimators': 1000}",-0.054243358597473826,-0.04163784772030555,-0.04038877275326868,-0.0573211556743953,-0.04358907098487589,-0.047436041146063854,0.006958983810099969,116
126,55.60188479423523,0.13219246085429318,0.4685070514678955,0.018620076837951798,0.1505,7,200,600,"{'learning_rate': 0.1505, 'max_depth': 7, 'max_features': 200, 'n_estimators': 600}",-0.054713810653095656,-0.03988515182212615,-0.039134298558583754,-0.05681198463758259,-0.04309419205921965,-0.04672788754612156,0.007525335219272896,102
127,73.80353164672852,1.1328818783484107,0.5496152877807617,0.029373625345988242,0.1505,7,200,800,"{'learning_rate': 0.1505, 'max_depth': 7, 'max_features': 200, 'n_estimators': 800}",-0.05416906937498855,-0.040777438533394876,-0.03993715252648596,-0.05949997158928606,-0.043257298315380485,-0.04752818606790719,0.00785953999117706,120
128,93.39052605628967,0.9064897974568962,0.6564782619476318,0.030394047556234923,0.1505,7,200,1000,"{'learning_rate': 0.1505, 'max_depth': 7, 'max_features': 200, 'n_estimators': 1000}",-0.055686256358393776,-0.04208117189655745,-0.0405592675549347,-0.058739594485447646,-0.04427515491041021,-0.04826828904114876,0.007460952055192335,137
129,79.5632628440857,1.4068927854329856,0.46408662796020506,0.019860776204149812,0.1505,7,300,600,"{'learning_rate': 0.1505, 'max_depth': 7, 'max_features': 300, 'n_estimators': 600}",-0.054305218876219474,-0.04079760574412868,-0.03935410048698073,-0.05797748864054849,-0.043073266403108025,-0.04710153603019708,0.007565297647351591,113
130,106.19396195411682,0.7810046888241624,0.57291259765625,0.03968521632355702,0.1505,7,300,800,"{'learning_rate': 0.1505, 'max_depth': 7, 'max_features': 300, 'n_estimators': 800}",-0.05487113655254801,-0.040593813607735084,-0.0401151419029681,-0.05923330252395348,-0.043952846526617954,-0.04775324822276453,0.007829395969613294,127
131,133.23072142601012,2.078033157364159,0.6681478977203369,0.03246479962133893,0.1505,7,300,1000,"{'learning_rate': 0.1505, 'max_depth': 7, 'max_features': 300, 'n_estimators': 1000}",-0.05648973083842563,-0.042307287882499045,-0.04092305296082585,-0.058832308538416034,-0.04431850039010373,-0.04857417612205406,0.007534051193220752,141
132,103.73258085250855,1.9155704917486998,0.48096790313720705,0.02270338339545,0.1505,7,400,600,"{'learning_rate': 0.1505, 'max_depth': 7, 'max_features': 400, 'n_estimators': 600}",-0.05466579096084575,-0.0411507313944486,-0.04009515891129774,-0.05848238065592477,-0.04319095397191313,-0.047517003178886,0.007558737466961705,119
133,137.29012517929078,2.1854596190484226,0.6160724639892579,0.05033849364747194,0.1505,7,400,800,"{'learning_rate': 0.1505, 'max_depth': 7, 'max_features': 400, 'n_estimators': 800}",-0.05616088078794171,-0.04129754705884248,-0.04063519111488091,-0.0588798386225931,-0.043565882614610564,-0.04810786803977375,0.007794066569497779,134
134,173.4313105583191,1.5469550101818428,0.6651612281799316,0.020323175729121408,0.1505,7,400,1000,"{'learning_rate': 0.1505, 'max_depth': 7, 'max_features': 400, 'n_estimators': 1000}",-0.05566746882014515,-0.04210713765490324,-0.040968492604107995,-0.05997010193106008,-0.04432871327997082,-0.04860838285803746,0.007718407075239075,142
135,26.688884830474855,0.2287905918032223,0.3862712860107422,0.007070793323784964,0.22525,3,200,600,"{'learning_rate': 0.22525, 'max_depth': 3, 'max_features': 200, 'n_estimators': 600}",-0.05178585473257136,-0.03926590143690738,-0.039076730830164996,-0.05602931572200821,-0.042334791111159384,-0.045698518766562266,0.006932854099457655,56
136,35.09073371887207,0.31965637391627394,0.4499936103820801,0.014991560392740137,0.22525,3,200,800,"{'learning_rate': 0.22525, 'max_depth': 3, 'max_features': 200, 'n_estimators': 800}",-0.05170713348957615,-0.039376524056043534,-0.039412811532721984,-0.05648540439504699,-0.043008176336917364,-0.0459980099620612,0.00690981262421564,78
137,43.518801259994504,0.4075166657072367,0.4965532302856445,0.01409895908736248,0.22525,3,200,1000,"{'learning_rate': 0.22525, 'max_depth': 3, 'max_features': 200, 'n_estimators': 1000}",-0.05143390694339286,-0.03927819447698721,-0.039275915540943826,-0.056211450107652425,-0.04314476027547643,-0.04586884546889055,0.0068156206702192365,71
138,37.28921627998352,0.5451714002133755,0.38111371994018556,0.013354370917342743,0.22525,3,300,600,"{'learning_rate': 0.22525, 'max_depth': 3, 'max_features': 300, 'n_estimators': 600}",-0.051364685676130076,-0.03942829343064029,-0.039003442083429006,-0.05680670369233972,-0.042838886017459527,-0.045888402179999725,0.007037531076377152,72
139,49.45711760520935,0.6796147646028434,0.43411707878112793,0.015284407522067537,0.22525,3,300,800,"{'learning_rate': 0.22525, 'max_depth': 3, 'max_features': 300, 'n_estimators': 800}",-0.05174943414947136,-0.039821973371935104,-0.03956004990616783,-0.05707921957732366,-0.04272369190114332,-0.04618687378120826,0.00701435179354309,85
140,61.606923294067386,0.66606627849839,0.4896679878234863,0.017695545603457836,0.22525,3,300,1000,"{'learning_rate': 0.22525, 'max_depth': 3, 'max_features': 300, 'n_estimators': 1000}",-0.05212550073888041,-0.03965146205175524,-0.039110296131450825,-0.055496177299324365,-0.04275767756956242,-0.045828222758194655,0.0067206579100225075,68
141,47.79516463279724,0.7207630787960387,0.38273868560791013,0.014705464412384057,0.22525,3,400,600,"{'learning_rate': 0.22525, 'max_depth': 3, 'max_features': 400, 'n_estimators': 600}",-0.05093174926439848,-0.038925489690859454,-0.03961049127294961,-0.056329876201547724,-0.04258005998949187,-0.04567553328384942,0.006827482807878942,54
142,63.38386435508728,0.5479732488346946,0.43859033584594725,0.016600694211694335,0.22525,3,400,800,"{'learning_rate': 0.22525, 'max_depth': 3, 'max_features': 400, 'n_estimators': 800}",-0.05106693568193896,-0.03943381150036108,-0.039502102401818104,-0.057233495276898534,-0.0430690606434315,-0.04606108110088963,0.007011055683100928,79
143,79.3586974143982,1.1906089819689523,0.5049671173095703,0.024535663236369167,0.22525,3,400,1000,"{'learning_rate': 0.22525, 'max_depth': 3, 'max_features': 400, 'n_estimators': 1000}",-0.05180609149060851,-0.039678547307338975,-0.0395903615181912,-0.05686130403538578,-0.04267259366707234,-0.04612177960371936,0.006981695136633171,82
144,34.16922059059143,0.25417511029258477,0.43010497093200684,0.018355297226450365,0.22525,4,200,600,"{'learning_rate': 0.22525, 'max_depth': 4, 'max_features': 200, 'n_estimators': 600}",-0.05088948421582482,-0.039410248069501955,-0.039029146604857304,-0.056621846244326715,-0.04322024474410858,-0.04583419397572387,0.0068751419213164975,70
145,44.86237282752991,0.4834909402877248,0.4844669818878174,0.023530101290552375,0.22525,4,200,800,"{'learning_rate': 0.22525, 'max_depth': 4, 'max_features': 200, 'n_estimators': 800}",-0.052377729263873365,-0.04008602489527032,-0.0394717679173797,-0.05764946748338704,-0.042609820691255934,-0.04643896205023327,0.007273352957355851,93
146,56.349722146987915,0.5430808733911257,0.5882723808288575,0.02839239759484244,0.22525,4,200,1000,"{'learning_rate': 0.22525, 'max_depth': 4, 'max_features': 200, 'n_estimators': 1000}",-0.05351517239362446,-0.041251231696784414,-0.03978200022230307,-0.057547379500398434,-0.04342463077782658,-0.04710408291818739,0.007093259367096814,114
147,47.94613289833069,0.8929406080399286,0.41219520568847656,0.02084554994374495,0.22525,4,300,600,"{'learning_rate': 0.22525, 'max_depth': 4, 'max_features': 300, 'n_estimators': 600}",-0.05176187716452599,-0.03973645411074538,-0.03899408724702005,-0.05571183438966052,-0.0426058952262646,-0.04576202962764331,0.006738999540064383,60
148,64.14121356010438,0.7757099914616677,0.5007774353027343,0.016056945182898685,0.22525,4,300,800,"{'learning_rate': 0.22525, 'max_depth': 4, 'max_features': 300, 'n_estimators': 800}",-0.052598535120181235,-0.04035876560880839,-0.03951923233112376,-0.05629193805321887,-0.04305317452280435,-0.04636432912722733,0.006801597334247194,90
149,79.53315677642823,0.7625105707425406,0.5626213550567627,0.024554400832598293,0.22525,4,300,1000,"{'learning_rate': 0.22525, 'max_depth': 4, 'max_features': 300, 'n_estimators': 1000}",-0.052775898306534536,-0.040992869632590946,-0.039538687663674035,-0.05760142457211671,-0.043241704839036554,-0.04683011700279055,0.0070920868944223114,105
150,62.011944913864134,1.1185567911548033,0.42746973037719727,0.0267887504323743,0.22525,4,400,600,"{'learning_rate': 0.22525, 'max_depth': 4, 'max_features': 400, 'n_estimators': 600}",-0.05169776420822959,-0.04008587925069375,-0.03932865652160988,-0.0567910284542735,-0.04258890410219371,-0.04609844650740009,0.006927937308715924,80
151,82.4141522884369,1.2877820156919983,0.4974200248718262,0.021852570492350096,0.22525,4,400,800,"{'learning_rate': 0.22525, 'max_depth': 4, 'max_features': 400, 'n_estimators': 800}",-0.051955676232938584,-0.04086502047750562,-0.03924416230457288,-0.05827732426106892,-0.04241272761245175,-0.04655098217770755,0.007342516522938454,97
152,102.65926275253295,1.4590400221888598,0.5655705451965332,0.022184155646743843,0.22525,4,400,1000,"{'learning_rate': 0.22525, 'max_depth': 4, 'max_features': 400, 'n_estimators': 1000}",-0.05245352919168119,-0.040592842444543094,-0.039899577238333754,-0.05756099753067605,-0.04284564008724759,-0.04667051729849633,0.007063416069495476,99
153,41.38190321922302,0.4592471190846645,0.44690327644348143,0.020350556948639773,0.22525,5,200,600,"{'learning_rate': 0.22525, 'max_depth': 5, 'max_features': 200, 'n_estimators': 600}",-0.052179549783931335,-0.04000531960538075,-0.03947664639290304,-0.05883000917766665,-0.043310093359758516,-0.04676032366392806,0.007558193484047943,104
154,54.679115009307864,0.6457346792314023,0.5197323322296142,0.027755773967991466,0.22525,5,200,800,"{'learning_rate': 0.22525, 'max_depth': 5, 'max_features': 200, 'n_estimators': 800}",-0.055013476368957114,-0.04086155600888787,-0.039387160526300244,-0.05923536139962761,-0.04400777711970178,-0.047701066284694914,0.007950492056060098,125
155,68.9719425201416,1.0883782452976534,0.6337397575378418,0.03299043726080423,0.22525,5,200,1000,"{'learning_rate': 0.22525, 'max_depth': 5, 'max_features': 200, 'n_estimators': 1000}",-0.054846221857985565,-0.041740357051448844,-0.04058207773008624,-0.05921941458462603,-0.04351720900298955,-0.04798105604542725,0.007576916770720279,131
156,58.78154711723327,0.9801514712018666,0.45038342475891113,0.015837659753693265,0.22525,5,300,600,"{'learning_rate': 0.22525, 'max_depth': 5, 'max_features': 300, 'n_estimators': 600}",-0.05248154075318714,-0.0410020629661511,-0.03933738835361741,-0.057093774349501115,-0.04305281216396584,-0.04659351571728452,0.006948044041386825,98
157,77.66565608978271,1.4910490640709475,0.5501072406768799,0.033453185247529126,0.22525,5,300,800,"{'learning_rate': 0.22525, 'max_depth': 5, 'max_features': 300, 'n_estimators': 800}",-0.05483881580920985,-0.04141187029036235,-0.039740637683456106,-0.057544620694116005,-0.043949107585656524,-0.04749701041256017,0.007275086824788042,118
158,97.9885061264038,0.8871162138823119,0.6195335865020752,0.02151823916853395,0.22525,5,300,1000,"{'learning_rate': 0.22525, 'max_depth': 5, 'max_features': 300, 'n_estimators': 1000}",-0.05483001907942349,-0.04124179477168094,-0.040012427568388166,-0.05794120068726835,-0.044274249840558985,-0.04765993838946399,0.007324674569479946,124
159,76.54047307968139,1.1541554303325516,0.46375508308410646,0.011788766880799922,0.22525,5,400,600,"{'learning_rate': 0.22525, 'max_depth': 5, 'max_features': 400, 'n_estimators': 600}",-0.055566592056377116,-0.04104216464651272,-0.03930393151181612,-0.057402732748482226,-0.04404012878314509,-0.047471109949266656,0.0075363085800633734,117
160,99.90408663749695,1.0739436325087455,0.521709680557251,0.019013979409902425,0.22525,5,400,800,"{'learning_rate': 0.22525, 'max_depth': 5, 'max_features': 400, 'n_estimators': 800}",-0.05531607242300465,-0.040922410715274665,-0.040035164466879644,-0.058291434020084236,-0.04360193627716679,-0.047633403580482,0.007637282302984436,123
161,127.48930397033692,1.210375757649527,0.6455137252807617,0.01857182492766385,0.22525,5,400,1000,"{'learning_rate': 0.22525, 'max_depth': 5, 'max_features': 400, 'n_estimators': 1000}",-0.05455029374962328,-0.04184862939346151,-0.040838486313720536,-0.05838332229727688,-0.04421227253004774,-0.04796660085682599,0.00713004446866977,130
162,48.83715419769287,0.5240914112682781,0.46583080291748047,0.04407527972010891,0.22525,6,200,600,"{'learning_rate': 0.22525, 'max_depth': 6, 'max_features': 200, 'n_estimators': 600}",-0.05281137599580499,-0.04099008232815544,-0.0398335848384368,-0.05774697932857149,-0.04378189847276562,-0.04703278419274686,0.007029894391336357,111
163,64.57570405006409,0.6508000187776807,0.5556346893310546,0.03019774092247658,0.22525,6,200,800,"{'learning_rate': 0.22525, 'max_depth': 6, 'max_features': 200, 'n_estimators': 800}",-0.05466103309237021,-0.04250736502452588,-0.0409838430336053,-0.058182684594866696,-0.044454626920776646,-0.048157910533228945,0.006926715189112882,135
164,80.46849036216736,1.7467484695038213,0.5993119716644287,0.04382854622503513,0.22525,6,200,1000,"{'learning_rate': 0.22525, 'max_depth': 6, 'max_features': 200, 'n_estimators': 1000}",-0.057562553382216115,-0.042515116456869985,-0.04118102424868169,-0.06079496928444226,-0.0441935362142404,-0.04924943991729009,0.008227025099925601,153
165,69.64804291725159,1.14245220345515,0.4584317684173584,0.013950139776760488,0.22525,6,300,600,"{'learning_rate': 0.22525, 'max_depth': 6, 'max_features': 300, 'n_estimators': 600}",-0.05411872929572241,-0.041402701760871866,-0.04037134110644702,-0.05846101041672611,-0.04419450913312273,-0.047709658342578024,0.007247794658392105,126
166,92.48262524604797,0.3725767568838261,0.5620910167694092,0.03206975936476445,0.22525,6,300,800,"{'learning_rate': 0.22525, 'max_depth': 6, 'max_features': 300, 'n_estimators': 800}",-0.0556075544129024,-0.042573782898949,-0.04119820473567579,-0.059794184292290366,-0.044210264531731235,-0.04867679817430976,0.007546624863964158,143
167,116.58036904335022,1.244776338007633,0.6696027755737305,0.02980695992840639,0.22525,6,300,1000,"{'learning_rate': 0.22525, 'max_depth': 6, 'max_features': 300, 'n_estimators': 1000}",-0.055919291794823286,-0.042875912441418244,-0.042170717735990584,-0.060487192034133164,-0.044497757414513554,-0.04919017428417577,0.007537440964205418,150
168,88.81472072601318,0.5798693690194081,0.41893396377563474,0.03189848664081266,0.22525,6,400,600,"{'learning_rate': 0.22525, 'max_depth': 6, 'max_features': 400, 'n_estimators': 600}",-0.05614330503843768,-0.04185191457706584,-0.04055164700790684,-0.058993719648951136,-0.04397203896066069,-0.04830252504660444,0.007697000304620208,138
169,119.77980446815491,0.8646668356484576,0.5837262630462646,0.03388943716317165,0.22525,6,400,800,"{'learning_rate': 0.22525, 'max_depth': 6, 'max_features': 400, 'n_estimators': 800}",-0.05535509303619289,-0.04297879466541823,-0.0411867309723413,-0.059801340759790225,-0.04447779354437463,-0.04875995059562346,0.007409729940181786,145
170,148.69075660705568,1.9953812470630872,0.6514834880828857,0.043319691352153834,0.22525,6,400,1000,"{'learning_rate': 0.22525, 'max_depth': 6, 'max_features': 400, 'n_estimators': 1000}",-0.05754424219346878,-0.044060860470366496,-0.04185183751493745,-0.05973476276607432,-0.0451542691561696,-0.04966919442020333,0.007433452392712605,157
171,56.5254442691803,0.6381966835902771,0.4994056224822998,0.01760393035668306,0.22525,7,200,600,"{'learning_rate': 0.22525, 'max_depth': 7, 'max_features': 200, 'n_estimators': 600}",-0.05772331861906881,-0.043192189148811386,-0.04087970634611009,-0.059637851259416196,-0.044676961368947346,-0.049222005348470765,0.007840564191276924,152
172,74.79949479103088,0.8497707901348184,0.6309734344482422,0.0682650940432373,0.22525,7,200,800,"{'learning_rate': 0.22525, 'max_depth': 7, 'max_features': 200, 'n_estimators': 800}",-0.05779737348119711,-0.0433692405694001,-0.04242824153013003,-0.06158836135393409,-0.0456143260192669,-0.05015950859078564,0.007943482489938194,161
173,93.12595133781433,1.4213535877458765,0.6490048885345459,0.025918125934655922,0.22525,7,200,1000,"{'learning_rate': 0.22525, 'max_depth': 7, 'max_features': 200, 'n_estimators': 1000}",-0.06152859350307902,-0.0443784790834343,-0.043195411635558345,-0.06151227122619955,-0.04547997494405144,-0.051218946078464535,0.008442111773307445,169
174,79.47546987533569,1.5080431509976517,0.4709573268890381,0.02468428073563713,0.22525,7,300,600,"{'learning_rate': 0.22525, 'max_depth': 7, 'max_features': 300, 'n_estimators': 600}",-0.05623675272249409,-0.04304570992717046,-0.0409831267797829,-0.0605603165409595,-0.04451525537794787,-0.04906823226967096,0.007820805471382615,148
175,106.73448367118836,0.934909829235971,0.5664034366607666,0.022762037437026775,0.22525,7,300,800,"{'learning_rate': 0.22525, 'max_depth': 7, 'max_features': 300, 'n_estimators': 800}",-0.059407251671645914,-0.04388427881341244,-0.04294916824014724,-0.06178085797668882,-0.04528690570309353,-0.05066169248099759,0.00817832924224637,164
176,133.50866689682007,2.103869084612182,0.660710334777832,0.030411366420843917,0.22525,7,300,1000,"{'learning_rate': 0.22525, 'max_depth': 7, 'max_features': 300, 'n_estimators': 1000}",-0.06034365796787718,-0.0441781273345945,-0.04356498390932767,-0.06291146223761236,-0.04677317387214192,-0.051554281064310724,0.00833467707129892,172
177,103.14921674728393,1.515992359987698,0.4692774772644043,0.02399808825298553,0.22525,7,400,600,"{'learning_rate': 0.22525, 'max_depth': 7, 'max_features': 400, 'n_estimators': 600}",-0.056713716131374735,-0.04361036611402208,-0.0417801676910737,-0.059330546957455245,-0.044663888478682794,-0.049219737074521715,0.007293232345198104,151
178,138.2418746471405,1.4180166229465698,0.5621408462524414,0.019755510267964006,0.22525,7,400,800,"{'learning_rate': 0.22525, 'max_depth': 7, 'max_features': 400, 'n_estimators': 800}",-0.057965210029782534,-0.04422982181251218,-0.04221347046064974,-0.060795716193905516,-0.046235300823783035,-0.05028790386412659,0.007585190495339588,162
179,172.63949871063232,2.684635451610612,0.6133952617645264,0.018581812805102575,0.22525,7,400,1000,"{'learning_rate': 0.22525, 'max_depth': 7, 'max_features': 400, 'n_estimators': 1000}",-0.058130740822206796,-0.04455332052673832,-0.042920034375047864,-0.06198481105294925,-0.04652796939318729,-0.0508233752340259,0.007722721482513231,166
180,26.71106963157654,0.26180789507384683,0.3859384059906006,0.0110643345066494,0.3,3,200,600,"{'learning_rate': 0.3, 'max_depth': 3, 'max_features': 200, 'n_estimators': 600}",-0.050835168392722244,-0.040101120649305544,-0.0392888088409258,-0.05570905967415818,-0.043651921405713584,-0.045917215792565066,0.006371197131936395,73
181,35.122116041183475,0.4338296458678767,0.4322196960449219,0.016217177350441765,0.3,3,200,800,"{'learning_rate': 0.3, 'max_depth': 3, 'max_features': 200, 'n_estimators': 800}",-0.051673737057397244,-0.03970862854817822,-0.039507801593002316,-0.055598540956744276,-0.04218132247314273,-0.045734006125692964,0.0066374966658173445,59
182,43.4886296749115,0.5106454886175672,0.48514547348022463,0.023610330696263695,0.3,3,200,1000,"{'learning_rate': 0.3, 'max_depth': 3, 'max_features': 200, 'n_estimators': 1000}",-0.053739609241977696,-0.040781206377134664,-0.03931773881079966,-0.057944429735785105,-0.04291668406219378,-0.04693993364557818,0.0074772834009718715,109
183,37.5789089679718,0.6055201345639061,0.384006929397583,0.009346651112822792,0.3,3,300,600,"{'learning_rate': 0.3, 'max_depth': 3, 'max_features': 300, 'n_estimators': 600}",-0.05243784845814009,-0.03909487192162078,-0.03932846164421661,-0.05663409623369853,-0.04325527264695891,-0.04615011018092698,0.007129389541882113,83
184,49.365527057647704,0.6827595247880017,0.4296666145324707,0.017652148339245083,0.3,3,300,800,"{'learning_rate': 0.3, 'max_depth': 3, 'max_features': 300, 'n_estimators': 800}",-0.05258361060121945,-0.040091450705887294,-0.038827264977440844,-0.05723269692856205,-0.04316531551380881,-0.04638006774538369,0.007255200479422616,91
185,61.789438009262085,1.2686225062939678,0.4868976593017578,0.01975457049598455,0.3,3,300,1000,"{'learning_rate': 0.3, 'max_depth': 3, 'max_features': 300, 'n_estimators': 1000}",-0.05302809398080911,-0.040207601174479246,-0.03976259498238885,-0.05754884039252853,-0.04420691320573447,-0.046950808747188044,0.007126316002057749,110
186,48.47661123275757,1.0145170361079412,0.383424186706543,0.01105604735372489,0.3,3,400,600,"{'learning_rate': 0.3, 'max_depth': 3, 'max_features': 400, 'n_estimators': 600}",-0.05122217502308143,-0.04043298914597564,-0.03948866345760797,-0.057724203821345015,-0.043353017103065064,-0.046444209710215026,0.00698766180859765,95
187,64.00039834976197,0.5837140310275002,0.4344303607940674,0.018019952472250775,0.3,3,400,800,"{'learning_rate': 0.3, 'max_depth': 3, 'max_features': 400, 'n_estimators': 800}",-0.05309603983776666,-0.040373795629551894,-0.039611788228230985,-0.056505969697467774,-0.04407611018848479,-0.04673274071630042,0.006844112990629684,103
188,79.64137477874756,0.8887566068440016,0.500948715209961,0.01322740102315544,0.3,3,400,1000,"{'learning_rate': 0.3, 'max_depth': 3, 'max_features': 400, 'n_estimators': 1000}",-0.05201159236388191,-0.04037443515952973,-0.03916511362357704,-0.05760614433973309,-0.043371158796114306,-0.046505688856567216,0.00713914113481608,96
189,34.173227071762085,0.39697053095737495,0.43058438301086427,0.017015142845591143,0.3,4,200,600,"{'learning_rate': 0.3, 'max_depth': 4, 'max_features': 200, 'n_estimators': 600}",-0.052403351971118846,-0.03998177209546397,-0.03953594718881963,-0.05765702267005815,-0.04245261055000041,-0.04640614089509219,0.007302757830156812,92
190,44.81087169647217,0.5229825297938335,0.4820884704589844,0.026697832064766357,0.3,4,200,800,"{'learning_rate': 0.3, 'max_depth': 4, 'max_features': 200, 'n_estimators': 800}",-0.053533860348162744,-0.041571656704514764,-0.03965959626640248,-0.0564323064574469,-0.04349951693437113,-0.0469393873421796,0.006741560446716383,108
191,56.37520461082458,0.5415863355637461,0.566700792312622,0.02683198766760725,0.3,4,200,1000,"{'learning_rate': 0.3, 'max_depth': 4, 'max_features': 200, 'n_estimators': 1000}",-0.05440981960209582,-0.04056707131845505,-0.040397777487481044,-0.0602209268884554,-0.04417804617991884,-0.04795472829528123,0.007975915503887437,129
192,48.07066693305969,0.7341275965774231,0.4190565586090088,0.018107253757559595,0.3,4,300,600,"{'learning_rate': 0.3, 'max_depth': 4, 'max_features': 300, 'n_estimators': 600}",-0.05300660327533921,-0.040878787079770655,-0.039592882172756846,-0.057879072002603366,-0.042153972101899376,-0.04670226332647389,0.007345868000746375,101
193,64.19397411346435,0.5840978818149021,0.5069468498229981,0.020401260924047357,0.3,4,300,800,"{'learning_rate': 0.3, 'max_depth': 4, 'max_features': 300, 'n_estimators': 800}",-0.05548043741927553,-0.041909062850873986,-0.04017813520120379,-0.05768171857166915,-0.04401224620272504,-0.0478523200491495,0.007263151330906114,128
194,79.2374222278595,0.5201990284445358,0.5589237689971924,0.028361890710006665,0.3,4,300,1000,"{'learning_rate': 0.3, 'max_depth': 4, 'max_features': 300, 'n_estimators': 1000}",-0.05494747137674589,-0.0426122766851313,-0.040341656881487865,-0.05844977946198666,-0.04418276038121641,-0.04810678895731362,0.007206349007278151,133
195,61.94814023971558,0.8699231559574734,0.42141022682189944,0.015477977863687308,0.3,4,400,600,"{'learning_rate': 0.3, 'max_depth': 4, 'max_features': 400, 'n_estimators': 600}",-0.05350712040011028,-0.0415138261012466,-0.03974431669975063,-0.05680206849210464,-0.04377372137568848,-0.04706821061378012,0.006805171814860381,112
196,82.6951178073883,0.9432647138080678,0.49954710006713865,0.015330033556762636,0.3,4,400,800,"{'learning_rate': 0.3, 'max_depth': 4, 'max_features': 400, 'n_estimators': 800}",-0.054284621316939535,-0.041690005687070285,-0.040418638047704285,-0.05748537763185703,-0.04413422354938735,-0.047602573246591694,0.006941417991184149,121
197,102.7971643447876,1.55251486051086,0.5651228904724122,0.03507635201282781,0.3,4,400,1000,"{'learning_rate': 0.3, 'max_depth': 4, 'max_features': 400, 'n_estimators': 1000}",-0.055888454664645516,-0.04206318210732919,-0.040125062279339194,-0.0587766805823575,-0.04397780984828292,-0.048166237896390865,0.0076376023802098925,136
198,41.178854417800906,0.40096961094614625,0.4480262756347656,0.012320113068912673,0.3,5,200,600,"{'learning_rate': 0.3, 'max_depth': 5, 'max_features': 200, 'n_estimators': 600}",-0.05574537001893955,-0.04186563905300958,-0.04084389667213526,-0.059408850937961444,-0.04374608506483964,-0.0483219683493771,0.0077015623052407575,139
199,54.86404085159302,1.0986188162119273,0.5530283451080322,0.06269463311724524,0.3,5,200,800,"{'learning_rate': 0.3, 'max_depth': 5, 'max_features': 200, 'n_estimators': 800}",-0.05627217129567588,-0.04281577983643296,-0.04052821018886868,-0.05966334964151286,-0.04452937693528526,-0.04876177757955513,0.007698181909321299,146
200,68.98521528244018,1.1094836821690919,0.6248851299285889,0.02322179104415187,0.3,5,200,1000,"{'learning_rate': 0.3, 'max_depth': 5, 'max_features': 200, 'n_estimators': 1000}",-0.05730107679505616,-0.04231991794197815,-0.04127880676188157,-0.06005971451317537,-0.044542249919049134,-0.04910035318622809,0.007940864743425867,149
201,59.31745295524597,0.8359910235188035,0.45865788459777834,0.019846635930676756,0.3,5,300,600,"{'learning_rate': 0.3, 'max_depth': 5, 'max_features': 300, 'n_estimators': 600}",-0.0549445833145859,-0.04213319692891917,-0.04005777725490558,-0.05912759012008741,-0.04372698281455174,-0.047998026086609955,0.007586928707809192,132
202,77.87961611747741,0.5414493320384164,0.5191782474517822,0.035731945595133416,0.3,5,300,800,"{'learning_rate': 0.3, 'max_depth': 5, 'max_features': 300, 'n_estimators': 800}",-0.05648669660174701,-0.04312215951273374,-0.040971250991652566,-0.058491989465951084,-0.0454002361890312,-0.04889446655222312,0.007184162058485112,147
203,97.28782730102539,1.378305573848048,0.616728401184082,0.04496778912120865,0.3,5,300,1000,"{'learning_rate': 0.3, 'max_depth': 5, 'max_features': 300, 'n_estimators': 1000}",-0.0567690494408039,-0.04362312787886767,-0.04174982536803832,-0.06044742492860252,-0.04556059589541763,-0.049630004702346006,0.007519606687591104,155
204,76.86766395568847,0.4735926359387649,0.46324005126953127,0.009885083151020295,0.3,5,400,600,"{'learning_rate': 0.3, 'max_depth': 5, 'max_features': 400, 'n_estimators': 600}",-0.05674325365270708,-0.041358681246934266,-0.041330748653662146,-0.06004646279988764,-0.044228145968783085,-0.04874145846439484,0.008020297479343241,144
205,100.1303159236908,0.9886722581923783,0.4867302417755127,0.02430556511016567,0.3,5,400,800,"{'learning_rate': 0.3, 'max_depth': 5, 'max_features': 400, 'n_estimators': 800}",-0.05451865355914293,-0.043823566861653264,-0.04082809041889718,-0.05854821266256717,-0.04496843464469829,-0.04853739162939177,0.006787973999423219,140
206,127.23691892623901,1.166986942943013,0.633673906326294,0.028568390008342538,0.3,5,400,1000,"{'learning_rate': 0.3, 'max_depth': 5, 'max_features': 400, 'n_estimators': 1000}",-0.05862909211464273,-0.043437277491465365,-0.041883149183691445,-0.06157453249786331,-0.045242154966958145,-0.050153241250924206,0.008245038533795171,160
207,48.97560687065125,0.6774559992642488,0.43266901969909666,0.005681253809425845,0.3,6,200,600,"{'learning_rate': 0.3, 'max_depth': 6, 'max_features': 200, 'n_estimators': 600}",-0.05707681815140796,-0.04346980621876436,-0.041526930864833334,-0.06052849332606662,-0.04450656802409875,-0.049421723317034205,0.007795801864060859,154
208,64.7306378364563,0.8695579531198668,0.5332971096038819,0.028712971717182217,0.3,6,200,800,"{'learning_rate': 0.3, 'max_depth': 6, 'max_features': 200, 'n_estimators': 800}",-0.05846334351278302,-0.0437758193597122,-0.04153964404840262,-0.06092056433027017,-0.04558755553336526,-0.050057385356906646,0.008008222736073182,159
209,80.27119693756103,1.5324641268551364,0.6332062244415283,0.02581142185107593,0.3,6,200,1000,"{'learning_rate': 0.3, 'max_depth': 6, 'max_features': 200, 'n_estimators': 1000}",-0.059887240094877024,-0.044407746231507506,-0.04261785292181693,-0.06163679339898461,-0.046410155507130256,-0.05099195763086327,0.008085900800472251,168
210,69.73305144309998,1.3213256874851163,0.4584683418273926,0.013483705704397825,0.3,6,300,600,"{'learning_rate': 0.3, 'max_depth': 6, 'max_features': 300, 'n_estimators': 600}",-0.05767599977349528,-0.043968722050988764,-0.04176185273627271,-0.05988414844583145,-0.04489229556157442,-0.04963660371363253,0.007566889815301959,156
211,92.76816501617432,0.8305738333604543,0.5385312557220459,0.019654017085850302,0.3,6,300,800,"{'learning_rate': 0.3, 'max_depth': 6, 'max_features': 300, 'n_estimators': 800}",-0.05877766101189299,-0.04365461205568322,-0.04188709163589586,-0.06307990808786633,-0.04618068089528945,-0.050715990737325564,0.008558487523609484,165
212,116.10307683944703,1.7807949386176596,0.641077995300293,0.0410584237117948,0.3,6,300,1000,"{'learning_rate': 0.3, 'max_depth': 6, 'max_features': 300, 'n_estimators': 1000}",-0.05956421302849785,-0.04538089825994262,-0.04330730360078586,-0.06325742769485843,-0.04640135325100079,-0.05158223916701711,0.008170614425265824,173
213,89.37692971229554,1.2945181515732753,0.4653446197509766,0.03998193241022185,0.3,6,400,600,"{'learning_rate': 0.3, 'max_depth': 6, 'max_features': 400, 'n_estimators': 600}",-0.05748940595831418,-0.04477356999851769,-0.0421563596654612,-0.059468024313462015,-0.04532264240002993,-0.049842000467157,0.007159969345225479,158
214,119.74395651817322,0.997499974777394,0.5333086490631104,0.02523164539313936,0.3,6,400,800,"{'learning_rate': 0.3, 'max_depth': 6, 'max_features': 400, 'n_estimators': 800}",-0.05811040726287978,-0.0447449793249936,-0.0420352435806897,-0.062305848845304095,-0.04506540041482561,-0.05045237588573855,0.008143614212902639,163
215,149.30542011260985,1.0715307092363153,0.6359524250030517,0.06473645791812559,0.3,6,400,1000,"{'learning_rate': 0.3, 'max_depth': 6, 'max_features': 400, 'n_estimators': 1000}",-0.0608958552225608,-0.04502052753204486,-0.04348840442886308,-0.06439785645192297,-0.047196115863627895,-0.052199751899803915,0.008681948842617113,176
216,56.424095487594606,0.8852425719873924,0.48141889572143554,0.017629382790917105,0.3,7,200,600,"{'learning_rate': 0.3, 'max_depth': 7, 'max_features': 200, 'n_estimators': 600}",-0.05896609497862093,-0.04446060009177261,-0.04330068992939614,-0.06234323276360134,-0.045499394201926543,-0.05091400239306352,0.008054693186763606,167
217,74.35329751968384,0.9721515151720713,0.5859045028686524,0.05550247576865949,0.3,7,200,800,"{'learning_rate': 0.3, 'max_depth': 7, 'max_features': 200, 'n_estimators': 800}",-0.059193696148158836,-0.04663708692323774,-0.04339429371245107,-0.06413433098943044,-0.04698549840917858,-0.05206898123649133,0.008086182094894541,174
218,93.35206980705262,1.2987387584859882,0.6534018516540527,0.03503903257392456,0.3,7,200,1000,"{'learning_rate': 0.3, 'max_depth': 7, 'max_features': 200, 'n_estimators': 1000}",-0.062435882672236695,-0.046915170865126844,-0.04459713235744339,-0.06333942354233733,-0.04938724360036909,-0.053334970607502676,0.007950646180966713,178
219,79.75331768989562,1.4881795845707315,0.4671046733856201,0.02916258475316076,0.3,7,300,600,"{'learning_rate': 0.3, 'max_depth': 7, 'max_features': 300, 'n_estimators': 600}",-0.059995769227155965,-0.04492446531308483,-0.04181802771569472,-0.06320547865474811,-0.046166133585098156,-0.05122197489915635,0.00865145317480545,170
220,106.4947359085083,1.3676528147469111,0.5577857017517089,0.03137503088510326,0.3,7,300,800,"{'learning_rate': 0.3, 'max_depth': 7, 'max_features': 300, 'n_estimators': 800}",-0.06311644756109759,-0.04568635165757796,-0.043900701935892746,-0.06671111769997781,-0.04763162401328242,-0.0534092485735657,0.00953526062501806,179
221,133.48048276901244,2.1531672490923834,0.683740758895874,0.06808868551608858,0.3,7,300,1000,"{'learning_rate': 0.3, 'max_depth': 7, 'max_features': 300, 'n_estimators': 1000}",-0.06215164130848985,-0.04640802307884153,-0.04438912157547442,-0.06551463853357745,-0.04749404654732775,-0.05319149420874221,0.008810247175868447,177
222,103.91315598487854,1.252781727151477,0.4525009632110596,0.03849818915575406,0.3,7,400,600,"{'learning_rate': 0.3, 'max_depth': 7, 'max_features': 400, 'n_estimators': 600}",-0.059741525448823024,-0.04518376960290818,-0.04340009966535046,-0.062068920391862376,-0.04651766834807195,-0.051382396691403195,0.007872514818434624,171
223,138.4367506980896,0.6748160167741346,0.5304333686828613,0.04453056137226198,0.3,7,400,800,"{'learning_rate': 0.3, 'max_depth': 7, 'max_features': 400, 'n_estimators': 800}",-0.06059529516457883,-0.04543219185858531,-0.04383401849462513,-0.06323700992938726,-0.047899963252956854,-0.052199695740026676,0.008081828484100832,175
224,172.00389132499694,1.775637598267259,0.4517993450164795,0.034765894927169326,0.3,7,400,1000,"{'learning_rate': 0.3, 'max_depth': 7, 'max_features': 400, 'n_estimators': 1000}",-0.06295632513532862,-0.04768306954218951,-0.04448822247133792,-0.06468305246595626,-0.04764821518144427,-0.053491776959251315,0.008529649572745225,180
